#t,fmu0_p.e,fmu0_zChassis,fmu1_p.e,fmu1_p1.f,fmu1_zWheel,fmu2_p.f,fmu2_zGround
+0.0000000000000000e+00,+3.9226599999999999e+03,+1.0000000000000000e+00,+4.3149259999999995e+03,+0.0000000000000000e+00,+5.0000000000000000e-01,+0.0000000000000000e+00,+0.0000000000000000e+00
+1.0000000000000000e-02,+3.9226599999999999e+03,+1.0000000000000000e+00,+4.2919138562507906e+03,+1.3374573743027748e-02,+5.0015341429166127e-01,+0.0000000000000000e+00,+0.0000000000000000e+00
+2.0000000000000000e-02,+3.9376334777927873e+03,+1.0000016813692332e+00,+4.2772641762572084e+03,+5.5440826925854166e-03,+5.0025107882495190e-01,+0.0000000000000000e+00,+0.0000000000000000e+00
+2.9999999999999999e-02,+3.9303980324623762e+03,+1.0000061197144834e+00,+4.2789348470041905e+03,-7.7639790339531431e-03,+5.0023994101997216e-01,+0.0000000000000000e+00,+0.0000000000000000e+00
+4.0000000000000001e-02,+3.9160348123640047e+03,+1.0000108186653824e+00,+4.2978550906130331e+03,-1.6639554455639763e-02,+5.0011380606257982e-01,+0.0000000000000000e+00,+0.0000000000000000e+00
+5.0000000000000003e-02,+3.9050665611058239e+03,+1.0000127466048936e+00,+4.3232658393168304e+03,-1.6116146661674983e-02,+4.9994440107122129e-01,+0.0000000000000000e+00,+0.0000000000000000e+00
+5.9999999999999998e-02,+3.9036586367192608e+03,+1.0000103444278561e+00,+4.3413091679355530e+03,-7.1393832132161713e-03,+4.9982411221376311e-01,+0.0000000000000000e+00,+0.0000000000000000e+00
+7.0000000000000007e-02,+3.9118963205277578e+03,+1.0000043228726023e+00,+4.3431226475050644e+03,+4.8033140742664363e-03,+4.9981202234996641e-01,+0.0000000000000000e+00,+0.0000000000000000e+00
+8.0000000000000002e-02,+3.9246040029658088e+03,+9.9999711296101201e-01,+4.3292316822326602e+03,+1.3101213210633234e-02,+4.9990462878511571e-01,+0.0000000000000000e+00,+0.0000000000000000e+00
+8.9999999999999997e-02,+3.9346570661873152e+03,+9.9999143165463189e-01,+4.3084644469849964e+03,+1.3664733382298760e-02,+5.0004307702010020e-01,+0.0000000000000000e+00,+0.0000000000000000e+00
+1.0000000000000001e-01,+3.9369722260748381e+03,+9.9998881861954592e-01,+4.2925198124355411e+03,+6.8843474452526029e-03,+5.0014937458376330e-01,+0.0000000000000000e+00,+0.0000000000000000e+00
+1.1000000000000000e-01,+3.9310378059375344e+03,+9.9998892924649474e-01,+4.2894853497608265e+03,-2.9752757175400190e-03,+5.0016960433492808e-01,+0.0000000000000000e+00,+0.0000000000000000e+00
+1.2000000000000000e-01,+3.9207797683430495e+03,+9.9998989375937419e-01,+4.2998545930257296e+03,-1.0390881809031492e-02,+5.0010047604649532e-01,+0.0000000000000000e+00,+0.0000000000000000e+00
+1.3000000000000000e-01,+3.9120759911096929e+03,+9.9998945633055292e-01,+4.3169420629509423e+03,-1.1633207098617402e-02,+4.9998655958032734e-01,+0.0000000000000000e+00,+0.0000000000000000e+00
+1.4000000000000001e-01,+3.9094529002169297e+03,+9.9998621820930311e-01,+4.3310829853169125e+03,-6.5921741260326332e-03,+4.9989228676455427e-01,+0.0000000000000000e+00,+0.0000000000000000e+00
+1.4999999999999999e-01,+3.9137962775215733e+03,+9.9998031377146446e-01,+4.3350442563534780e+03,+1.4875013154668460e-03,+4.9986587829097723e-01,+0.0000000000000000e+00,+0.0000000000000000e+00
+1.6000000000000000e-01,+3.9222044913308027e+03,+9.9997321016750973e-01,+4.3276579738699193e+03,+8.0330774868446839e-03,+4.9991512017420098e-01,+0.0000000000000000e+00,+0.0000000000000000e+00
+1.7000000000000001e-01,+3.9298711085304317e+03,+9.9996681541341437e-01,+4.3139017966385099e+03,+9.6966736102400541e-03,+5.0000682802241025e-01,+0.0000000000000000e+00,+0.0000000000000000e+00
+1.7999999999999999e-01,+3.9328135485700873e+03,+9.9996243143337094e-01,+4.3017004473803927e+03,+6.0282562249824798e-03,+5.0008817035079767e-01,+0.0000000000000000e+00,+0.0000000000000000e+00
+1.9000000000000000e-01,+3.9299196364336935e+03,+9.9996012322646655e-01,+4.2974437433957446e+03,-5.4339067387881412e-04,+5.0011654837736208e-01,+0.0000000000000000e+00,+0.0000000000000000e+00
+2.0000000000000001e-01,+3.9232834130878973e+03,+9.9995880282697780e-01,+4.3027217422120821e+03,-6.2605811127612512e-03,+5.0008136171858653e-01,+0.0000000000000000e+00,+0.0000000000000000e+00
+2.0999999999999999e-01,+3.9168041007022944e+03,+9.9995691954290278e-01,+4.3139064807417926e+03,-8.1557864255458242e-03,+5.0000679679505500e-01,+0.0000000000000000e+00,+0.0000000000000000e+00
+2.2000000000000000e-01,+3.9139490861132763e+03,+9.9995333488048033e-01,+4.3245489390735656e+03,-5.5609321069223835e-03,+4.9993584707284328e-01,+0.0000000000000000e+00,+0.0000000000000000e+00
+2.3000000000000001e-01,+3.9159464387185781e+03,+9.9994789986663435e-01,+4.3290639304465039e+03,-2.5785105160370804e-04,+4.9990574713035707e-01,+0.0000000000000000e+00,+0.0000000000000000e+00
+2.3999999999999999e-01,+3.9213308718330768e+03,+9.9994145395580669e-01,+4.3256262710625151e+03,+4.6889364647438392e-03,+4.9992866485958365e-01,+0.0000000000000000e+00,+0.0000000000000000e+00
+2.5000000000000000e-01,+3.9269640777741924e+03,+9.9993529769764644e-01,+4.3168067958931761e+03,+6.6781358248145985e-03,+4.9998746136071259e-01,+0.0000000000000000e+00,+0.0000000000000000e+00
+2.6000000000000001e-01,+3.9298546688364468e+03,+9.9993046683830200e-01,+4.3078113293860406e+03,+4.9151759800695931e-03,+5.0004743113742667e-01,+0.0000000000000000e+00,+0.0000000000000000e+00
+2.7000000000000002e-01,+3.9287374914832403e+03,+9.9992721199670820e-01,+4.3034740410040849e+03,+6.7397256624980465e-04,+5.0007634639330645e-01,+0.0000000000000000e+00,+0.0000000000000000e+00
+2.8000000000000003e-01,+3.9245930154000448e+03,+9.9992494255071152e-01,+4.3057169818741904e+03,-3.5658608188394838e-03,+5.0006139345417255e-01,+0.0000000000000000e+00,+0.0000000000000000e+00
+2.8999999999999998e-01,+3.9199248829826101e+03,+9.9992262315842673e-01,+4.3127866551124762e+03,-5.5466763130605969e-03,+5.0001426229925072e-01,+0.0000000000000000e+00,+0.0000000000000000e+00
+2.9999999999999999e-01,+3.9172910520686091e+03,+9.9991937140687093e-01,+4.3205154569543947e+03,-4.4148804729421537e-03,+4.9996273695363785e-01,+0.0000000000000000e+00,+0.0000000000000000e+00
+3.1000000000000000e-01,+3.9179371124153226e+03,+9.9991492045307473e-01,+4.3247557364790409e+03,-1.0500601906937507e-03,+4.9993446842347355e-01,+0.0000000000000000e+00,+0.0000000000000000e+00
+3.2000000000000001e-01,+3.9212502332214203e+03,+9.9990971239497839e-01,+4.3235860168576082e+03,+2.5579490397164722e-03,+4.9994226655428309e-01,+0.0000000000000000e+00,+0.0000000000000000e+00
+3.3000000000000002e-01,+3.9252512062871347e+03,+9.9990460560368200e-01,+4.3181351946170353e+03,+4.4674611016641413e-03,+4.9997860536922023e-01,+0.0000000000000000e+00,+0.0000000000000000e+00
+3.4000000000000002e-01,+3.9277699958234912e+03,+9.9990038626010680e-01,+4.3117092766119858e+03,+3.8143258510817202e-03,+5.0002144482258715e-01,+0.0000000000000000e+00,+0.0000000000000000e+00
+3.4999999999999998e-01,+3.9276179748007503e+03,+9.9989736159757259e-01,+4.3078370357116701e+03,+1.1758075321243486e-03,+5.0004725976192266e-01,+0.0000000000000000e+00,+0.0000000000000000e+00
+3.5999999999999999e-01,+3.9251330851765929e+03,+9.9989524409079933e-01,+4.3083714894249470e+03,-1.8653697865262490e-03,+5.0004369673716742e-01,+0.0000000000000000e+00,+0.0000000000000000e+00
+3.7000000000000000e-01,+3.9218636592294006e+03,+9.9989336227019354e-01,+4.3126529273523247e+03,-3.6533434520431606e-03,+5.0001515381765149e-01,+0.0000000000000000e+00,+0.0000000000000000e+00
+3.8000000000000000e-01,+3.9196360926523248e+03,+9.9989105677347845e-01,+4.3180843277424046e+03,-3.3471673279243238e-03,+4.9997894448171765e-01,+0.0000000000000000e+00,+0.0000000000000000e+00
+3.9000000000000001e-01,+3.9195576948129874e+03,+9.9988803425189987e-01,+4.3216867860803150e+03,-1.2957810996684547e-03,+4.9995492809279823e-01,+0.0000000000000000e+00,+0.0000000000000000e+00
+4.0000000000000002e-01,+3.9214913493976833e+03,+9.9988449447857708e-01,+4.3217194402233408e+03,+1.2539379926857419e-03,+4.9995471039851141e-01,+0.0000000000000000e+00,+0.0000000000000000e+00
+4.0999999999999998e-01,+3.9242395525294173e+03,+9.9988098322615171e-01,+4.3184957436610748e+03,+2.9011004213793370e-03,+4.9997620170892659e-01,+0.0000000000000000e+00,+0.0000000000000000e+00
+4.1999999999999998e-01,+3.9262765461431336e+03,+9.9987807370627502e-01,+4.3140332508166448e+03,+2.8503308383912981e-03,+5.0000595166122275e-01,+0.0000000000000000e+00,+0.0000000000000000e+00
+4.2999999999999999e-01,+3.9265898704958013e+03,+9.9987606145913943e-01,+4.3108274568227789e+03,+1.2811576383210529e-03,+5.0002732362118196e-01,+0.0000000000000000e+00,+0.0000000000000000e+00
+4.4000000000000000e-01,+3.9251735572046459e+03,+9.9987483392235599e-01,+4.3104806288146210e+03,-8.3456793359347578e-04,+5.0002963580790294e-01,+0.0000000000000000e+00,+0.0000000000000000e+00
+4.5000000000000001e-01,+3.9229414920961503e+03,+9.9987396852797950e-01,+4.3129285327061134e+03,-2.3207641308635465e-03,+5.0001331644862634e-01,+0.0000000000000000e+00,+0.0000000000000000e+00
+4.6000000000000002e-01,+3.9211588158386230e+03,+9.9987298671159319e-01,+4.3166233618066708e+03,-2.4414534885216720e-03,+4.9998868425462262e-01,+0.0000000000000000e+00,+0.0000000000000000e+00
+4.6999999999999997e-01,+3.9207370764861039e+03,+9.9987161469680130e-01,+4.3194901484432739e+03,-1.2532990915327157e-03,+4.9996957234371192e-01,+0.0000000000000000e+00,+0.0000000000000000e+00
+4.7999999999999998e-01,+3.9217805294852951e+03,+9.9986991162198002e-01,+4.3200784702038527e+03,+4.9529508204897014e-04,+4.9996565019864136e-01,+0.0000000000000000e+00,+0.0000000000000000e+00
+4.8999999999999999e-01,+3.9236027062727326e+03,+9.9986820864307191e-01,+4.3182788931881869e+03,+1.8243385115228230e-03,+4.9997764737874584e-01,+0.0000000000000000e+00,+0.0000000000000000e+00
+5.0000000000000000e-01,+3.9251624628159789e+03,+9.9986690830744063e-01,+4.3152615862163511e+03,+2.0646320370444112e-03,+4.9999776275855806e-01,+0.0000000000000000e+00,+0.0000000000000000e+00
+5.1000000000000001e-01,+3.9256499352171022e+03,+9.9986626348254604e-01,+4.3127392008510406e+03,+1.1862881099022199e-03,+5.0001457866099330e-01,+0.0000000000000000e+00,+0.0000000000000000e+00
+5.2000000000000002e-01,+3.9248970814509971e+03,+9.9986625536335250e-01,+4.3120067385783741e+03,-2.4241433448620063e-04,+5.0001946174281098e-01,+0.0000000000000000e+00,+0.0000000000000000e+00
+5.3000000000000003e-01,+3.9234099050552627e+03,+9.9986662667062309e-01,+4.3132894489122500e+03,-1.4109462839473640e-03,+5.0001091034058509e-01,+0.0000000000000000e+00,+0.0000000000000000e+00
+5.4000000000000004e-01,+3.9220389677897560e+03,+9.9986703852727266e-01,+4.3157184254482772e+03,-1.7196476958589928e-03,+4.9999471716367827e-01,+0.0000000000000000e+00,+0.0000000000000000e+00
+5.5000000000000004e-01,+3.9214958787660375e+03,+9.9986725647113783e-01,+4.3178908741748164e+03,-1.0801495470226974e-03,+4.9998023417216803e-01,+0.0000000000000000e+00,+0.0000000000000000e+00
+5.6000000000000005e-01,+3.9219869098449753e+03,+9.9986726398921455e-01,+4.3186646086135897e+03,+8.3208455457704409e-05,+4.9997507594257623e-01,+0.0000000000000000e+00,+0.0000000000000000e+00
+5.6999999999999995e-01,+3.9231483350221479e+03,+9.9986724961260487e-01,+4.3177429066328104e+03,+1.1050353717921061e-03,+4.9998122062244799e-01,+0.0000000000000000e+00,+0.0000000000000000e+00
+5.7999999999999996e-01,+3.9242909900698173e+03,+9.9986748573962481e-01,+4.3157570796287737e+03,+1.4546307131589997e-03,+4.9999445946914156e-01,+0.0000000000000000e+00,+0.0000000000000000e+00
+5.8999999999999997e-01,+3.9247962614623075e+03,+9.9986817337404843e-01,+4.3138476222020345e+03,+1.0064896094025707e-03,+5.0000718918531983e-01,+0.0000000000000000e+00,+0.0000000000000000e+00
+5.9999999999999998e-01,+3.9244391795054044e+03,+9.9986933849101178e-01,+4.3130116715154263e+03,+7.0955356546247212e-05,+5.0001276218989732e-01,+0.0000000000000000e+00,+0.0000000000000000e+00
+6.0999999999999999e-01,+3.9234731171247595e+03,+9.9987083060960658e-01,+4.3135850214211896e+03,-8.0989398799933274e-04,+5.0000893985719208e-01,+0.0000000000000000e+00,+0.0000000000000000e+00
+6.2000000000000000e-01,+3.9224522782266035e+03,+9.9987241522650105e-01,+4.3151224410143559e+03,-1.1715109051653985e-03,+4.9999869039323763e-01,+0.0000000000000000e+00,+0.0000000000000000e+00
+6.3000000000000000e-01,+3.9219098767832370e+03,+9.9987390254169850e-01,+4.3167044660001693e+03,-8.6726936542520317e-04,+4.9998814355999893e-01,+0.0000000000000000e+00,+0.0000000000000000e+00
+6.4000000000000001e-01,+3.9220762113171186e+03,+9.9987524072474865e-01,+4.3174692779572788e+03,-1.1815205345608957e-04,+4.9998304481361816e-01,+0.0000000000000000e+00,+0.0000000000000000e+00
+6.5000000000000002e-01,+3.9227831616448052e+03,+9.9987652725072307e-01,+4.3170664295883726e+03,+6.3769904142114834e-04,+4.9998573046941092e-01,+0.0000000000000000e+00,+0.0000000000000000e+00
+6.6000000000000003e-01,+3.9235893135173337e+03,+9.9987793959945537e-01,+4.3157978426119971e+03,+9.9761388448412272e-04,+4.9999418771592008e-01,+0.0000000000000000e+00,+0.0000000000000000e+00
+6.7000000000000004e-01,+3.9240394094818539e+03,+9.9987962942446396e-01,+4.3143989241625040e+03,+8.0559633246148152e-04,+5.0000351383891672e-01,+0.0000000000000000e+00,+0.0000000000000000e+00
+6.8000000000000005e-01,+3.9239080153943073e+03,+9.9988163980937295e-01,+4.3136084442748934e+03,+2.1335733530222491e-04,+5.0000878370483415e-01,+0.0000000000000000e+00,+0.0000000000000000e+00
+6.8999999999999995e-01,+3.9232990912959026e+03,+9.9988388761821767e-01,+4.3137750081601444e+03,-4.2791115931269775e-04,+5.0000767327893247e-01,+0.0000000000000000e+00,+0.0000000000000000e+00
+6.9999999999999996e-01,+3.9225613177549467e+03,+9.9988621454347082e-01,+4.3147063578885391e+03,-7.7230063164425574e-04,+5.0000146428074299e-01,+0.0000000000000000e+00,+0.0000000000000000e+00
+7.0999999999999996e-01,+3.9220806972347496e+03,+9.9988847356159294e-01,+4.3158200591817531e+03,-6.6286388096437857e-04,+4.9999403960545485e-01,+0.0000000000000000e+00,+0.0000000000000000e+00
+7.1999999999999997e-01,+3.9220717944645326e+03,+9.9989060162689758e-01,+4.3164884562783918e+03,-1.9830439408949612e-04,+4.9998958362481061e-01,+0.0000000000000000e+00,+0.0000000000000000e+00
+7.2999999999999998e-01,+3.9224788735292295e+03,+9.9989264114853393e-01,+4.3163769155739910e+03,+3.4238559471980710e-04,+4.9999032722950665e-01,+0.0000000000000000e+00,+0.0000000000000000e+00
+7.3999999999999999e-01,+3.9230297552509555e+03,+9.9989470340382636e-01,+4.3155958874518683e+03,+6.6454123221904124e-04,+4.9999553408365410e-01,+0.0000000000000000e+00,+0.0000000000000000e+00
+7.5000000000000000e-01,+3.9234000937210631e+03,+9.9989689856300923e-01,+4.3146024489270958e+03,+6.1609411883391816e-04,+5.0000215700715267e-01,+0.0000000000000000e+00,+0.0000000000000000e+00
+7.6000000000000001e-01,+3.9233907625407805e+03,+9.9989927257291611e-01,+4.3139260991768497e+03,+2.5580372331987148e-04,+5.0000666600548760e-01,+0.0000000000000000e+00,+0.0000000000000000e+00
+7.7000000000000002e-01,+3.9230227463100896e+03,+9.9990178390351414e-01,+4.3138804689302369e+03,-1.9683775078707444e-04,+5.0000697020713181e-01,+0.0000000000000000e+00,+0.0000000000000000e+00
+7.8000000000000003e-01,+3.9225063822637380e+03,+9.9990432899376325e-01,+4.3144156766596770e+03,-4.9279837429405345e-04,+5.0000340215560213e-01,+0.0000000000000000e+00,+0.0000000000000000e+00
+7.9000000000000004e-01,+3.9221125398993277e+03,+9.9990679851835318e-01,+4.3151773802511489e+03,-4.8871735598218075e-04,+4.9999832413165901e-01,+0.0000000000000000e+00,+0.0000000000000000e+00
+8.0000000000000004e-01,+3.9220230692943369e+03,+9.9990913178387508e-01,+4.3157226409164223e+03,-2.1379358057769610e-04,+4.9999468906055716e-01,+0.0000000000000000e+00,+0.0000000000000000e+00
+8.1000000000000005e-01,+3.9222419842786167e+03,+9.9991134047571717e-01,+4.3157636863660009e+03,+1.6116008367874658e-04,+4.9999441542422657e-01,+0.0000000000000000e+00,+0.0000000000000000e+00
+8.1999999999999995e-01,+3.9226092432480737e+03,+9.9991349186127121e-01,+4.3153073121714069e+03,+4.2729131135977775e-04,+4.9999745791885719e-01,+0.0000000000000000e+00,+0.0000000000000000e+00
+8.2999999999999996e-01,+3.9229006350160621e+03,+9.9991566402149223e-01,+4.3146250222028602e+03,+4.5229057554302236e-04,+5.0000200651864757e-01,+0.0000000000000000e+00,+0.0000000000000000e+00
+8.3999999999999997e-01,+3.9229529095829735e+03,+9.9991789945137366e-01,+4.3140849095022759e+03,+2.4399910813594213e-04,+5.0000560726998489e-01,+0.0000000000000000e+00,+0.0000000000000000e+00
+8.4999999999999998e-01,+3.9227452854927583e+03,+9.9992018188686949e-01,+4.3139471169737117e+03,-6.6271067702480710e-05,+5.0000652588684191e-01,+0.0000000000000000e+00,+0.0000000000000000e+00
+8.5999999999999999e-01,+3.9223978350419547e+03,+9.9992244663177954e-01,+4.3142350177459839e+03,-3.0466010812725297e-04,+5.0000460654836010e-01,+0.0000000000000000e+00,+0.0000000000000000e+00
+8.7000000000000000e-01,+3.9220950249601383e+03,+9.9992461590633364e-01,+4.3147439368852165e+03,-3.5111251518120688e-04,+5.0000121375409845e-01,+0.0000000000000000e+00,+0.0000000000000000e+00
+8.8000000000000000e-01,+3.9219817961358167e+03,+9.9992663817440541e-01,+4.3151704967347923e+03,-1.9848698077058936e-04,+4.9999837002176795e-01,+0.0000000000000000e+00,+0.0000000000000000e+00
+8.9000000000000001e-01,+3.9220899566174608e+03,+9.9992851016538509e-01,+4.3152829620704697e+03,+5.3720541630993773e-05,+4.9999762025286348e-01,+0.0000000000000000e+00,+0.0000000000000000e+00
+9.0000000000000002e-01,+3.9223313684703353e+03,+9.9993027141819046e-01,+4.3150382401977477e+03,+2.6186363442944505e-04,+4.9999925173201487e-01,+0.0000000000000000e+00,+0.0000000000000000e+00
+9.1000000000000003e-01,+3.9225555947082944e+03,+9.9993197671022027e-01,+4.3145880097738818e+03,+3.1855994320821059e-04,+5.0000225326817382e-01,+0.0000000000000000e+00,+0.0000000000000000e+00
+9.2000000000000004e-01,+3.9226355644710525e+03,+9.9993366302799380e-01,+4.3141806099898458e+03,+2.0662357777564101e-04,+5.0000496926673410e-01,+0.0000000000000000e+00,+0.0000000000000000e+00
+9.3000000000000005e-01,+3.9225331508331210e+03,+9.9993532915478167e-01,+4.3140202235423503e+03,+1.6694980858660501e-07,+5.0000603850971737e-01,+0.0000000000000000e+00,+0.0000000000000000e+00
+9.3999999999999995e-01,+3.9223115425286301e+03,+9.9993693761982494e-01,+4.3141621307643327e+03,-1.8299981227764298e-04,+5.0000509246157077e-01,+0.0000000000000000e+00,+0.0000000000000000e+00
+9.4999999999999996e-01,+3.9220925715744925e+03,+9.9993843597880050e-01,+4.3144965789617909e+03,-2.4798463715090937e-04,+5.0000286280692108e-01,+0.0000000000000000e+00,+0.0000000000000000e+00
+9.5999999999999996e-01,+3.9219866264041925e+03,+9.9993978437357056e-01,+4.3148219461613789e+03,-1.7128356585455399e-04,+5.0000069369225730e-01,+0.0000000000000000e+00,+0.0000000000000000e+00
+9.6999999999999997e-01,+3.9220349089335668e+03,+9.9994097414042193e-01,+4.3149602805890690e+03,-6.9206687438126539e-06,+4.9999977146273933e-01,+0.0000000000000000e+00,+0.0000000000000000e+00
+9.7999999999999998e-01,+3.9221936743651618e+03,+9.9994202835996304e-01,+4.3148499249617280e+03,+1.4923320650063411e-04,+5.0000050716692157e-01,+0.0000000000000000e+00,+0.0000000000000000e+00
+9.8999999999999999e-01,+3.9223650973379913e+03,+9.9994298566747908e-01,+4.3145679606620661e+03,+2.1423515307288543e-04,+5.0000238692891930e-01,+0.0000000000000000e+00,+0.0000000000000000e+00
+1.0000000000000000e+00,+3.9224541713649919e+03,+9.9994387743570046e-01,+4.3142767863992131e+03,+1.6107425629293594e-04,+5.0000432809067152e-01,+6.2173879445056510e+00,+1.0000000000000001e-01
+1.0100000000000000e+00,+3.9224190270540075e+03,+9.9994471106712401e-01,+1.2940971221414882e+04,+1.0933363118496726e+00,+5.0363067997821287e-01,+3.3169027113249170e+00,+1.0000000000000001e-01
+1.0200000000000000e+00,+5.1462995753717296e+03,+1.0000829117387471e+00,+1.4563560360313832e+04,+3.5386938604022249e+00,+5.2646586037100307e-01,+1.7695282479705954e+00,+1.0000000000000001e-01
+1.0300000000000000e+00,+8.0091638748403548e+03,+1.0008342748039920e+00,+1.0457102705354790e+04,+5.3483168721795762e+00,+5.7179542296099706e-01,+9.4402232832301980e-01,+1.0000000000000001e-01
+1.0400000000000000e+00,+1.0432161258978551e+04,+1.0028342258167759e+00,+3.8824406409335420e+03,+5.0449968946753847e+00,+6.2520431099364449e-01,+5.0362471319374258e-01,+1.0000000000000001e-01
+1.0500000000000000e+00,+1.0670386552567383e+04,+1.0064226008912653e+00,-1.2555287448310382e+03,+2.6015702724930625e+00,+6.6456708696653455e-01,+2.6867780997303914e-01,+1.0000000000000001e-01
+1.0600000000000001e+00,+8.4374287419966495e+03,+1.0113899361452450e+00,-2.2984360495574256e+03,-7.1080708100482271e-01,+6.7424573824831113e-01,+1.4333642428730275e-01,+1.0000000000000001e-01
+1.0700000000000001e+00,+4.9126554237906794e+03,+1.0170690978950745e+00,+9.4198476226423020e+02,-3.1738625358851800e+00,+6.5409718730998756e-01,+7.6468281952763562e-02,+1.0000000000000001e-01
+1.0800000000000001e+00,+1.9375989114093513e+03,+1.0226861547781787e+00,+6.3332744149085074e+03,-3.6186897604043851e+00,+6.1893108380227591e-01,+4.0794921276163798e-02,+1.0000000000000001e-01
+1.0900000000000001e+00,+9.4257848967523887e+02,+1.0277514446780467e+00,+1.0776509687138490e+04,-2.0241854941817055e+00,+5.8972341009361717e-01,+2.1763606549399128e-02,+1.0000000000000001e-01
+1.1000000000000001e+00,+2.2012232138472195e+03,+1.0322726789577275e+00,+1.1947739815791900e+04,+5.5994139895808726e-01,+5.8213601718720953e-01,+1.1610625911754546e-02,+1.0000000000000001e-01
+1.1100000000000001e+00,+4.7763235047096923e+03,+1.0366887184999445e+00,+9.4687262306308621e+03,+2.6597717927770912e+00,+5.9878057284417374e-01,+6.1941311866995363e-03,+1.0000000000000001e-01
+1.1200000000000001e+00,+7.1204708776282832e+03,+1.0415820877065616e+00,+4.9361218428331767e+03,+3.1954861394679712e+00,+6.2906077949047934e-01,+3.3044955069314597e-03,+1.0000000000000001e-01
+1.1299999999999999e+00,+7.9509407968084015e+03,+1.0473418816855986e+00,+8.9606804821950072e+02,+2.0187913820521599e+00,+6.5602799801558642e-01,+1.7629091516129236e-03,+1.0000000000000001e-01
+1.1399999999999999e+00,+6.9072269073990956e+03,+1.0539603560268977e+00,-5.9548793246337493e+02,-9.2474372317277898e-02,+6.6598959057604767e-01,+9.4049111893834692e-04,+1.0000000000000001e-01
+1.1499999999999999e+00,+4.6598201829012305e+03,+1.0610592593327637e+00,+9.7680252926969354e+02,-1.9317318103914309e+00,+6.5551719614535531e-01,+5.0174085487864062e-04,+1.0000000000000001e-01
+1.1599999999999999e+00,+2.4608843879442943e+03,+1.0681112479926200e+00,+4.4510987217894126e+03,-2.5446071391284879e+00,+6.3236031206215015e-01,+2.6767279391037846e-04,+1.0000000000000001e-01
+1.1699999999999999e+00,+1.4256179839660940e+03,+1.0747210456463590e+00,+7.7567984626193684e+03,-1.7146823905950288e+00,+6.1032502952923318e-01,+1.4280026014112934e-04,+1.0000000000000001e-01
+1.1799999999999999e+00,+1.9507960451794543e+03,+1.0808113264700727e+00,+9.0981546176184838e+03,-1.2947459054867664e-02,+6.0138410397726283e-01,+7.6182244741929139e-05,+1.0000000000000001e-01
+1.1899999999999999e+00,+3.5677344470177695e+03,+1.0866228809996585e+00,+7.8859217885041808e+03,+1.5763962380959384e+00,+6.0946642909680804e-01,+4.0642323817507986e-05,+1.0000000000000001e-01
+1.2000000000000000e+00,+5.2691499775438879e+03,+1.0925455758497618e+00,+4.9435483753791195e+03,+2.2167423390866134e+00,+6.2908266419753345e-01,+2.1682197616001986e-05,+1.0000000000000001e-01
+1.2100000000000000e+00,+6.0935971638472056e+03,+1.0988852303230527e+00,+1.9428885274549198e+03,+1.6512771794342207e+00,+6.4908728316569186e-01,+1.1567195211448222e-05,+1.0000000000000001e-01
+1.2200000000000000e+00,+5.6333509013766643e+03,+1.1056962693885446e+00,+4.3860238675948369e+02,+2.8795256093814120e-01,+6.5911597479478057e-01,+6.1709614245231137e-06,+1.0000000000000001e-01
+1.2300000000000000e+00,+4.2021819800136554e+03,+1.1127634068817269e+00,+1.0511113584955669e+03,-1.0770190188454263e+00,+6.5503264425885976e-01,+3.2921347132841561e-06,+1.0000000000000001e-01
+1.2400000000000000e+00,+2.6040564816073788e+03,+1.1197288438404311e+00,+3.2198177045883904e+03,-1.7176876460661368e+00,+6.4057463535272596e-01,+1.7563148144716934e-06,+1.0000000000000001e-01
+1.2500000000000000e+00,+1.6615083089249042e+03,+1.1262843121556274e+00,+5.6070740418002979e+03,-1.3585628914550250e+00,+6.2465961092376465e-01,+9.3697311953633289e-07,+1.0000000000000001e-01
+1.2600000000000000e+00,+1.7762094271259966e+03,+1.1323199699621491e+00,+6.8797685894159385e+03,-2.8107110045468564e-01,+6.1617499011261523e-01,+4.9986404437873944e-07,+1.0000000000000001e-01
+1.2700000000000000e+00,+2.7528010805615922e+03,+1.1379547617426600e+00,+6.4187374683195094e+03,+8.7597166268027671e-01,+6.1924853599141683e-01,+2.6667153640858032e-07,+1.0000000000000001e-01
+1.2800000000000000e+00,+3.9562777167192098e+03,+1.1434426861091349e+00,+4.5847779892583521e+03,+1.4883427107974456e+00,+6.3147493522407205e-01,+1.4226610112189064e-07,+1.0000000000000001e-01
+1.2900000000000000e+00,+4.6893704642196253e+03,+1.1490159707011403e+00,+2.4392164158207656e+03,+1.2774303425209372e+00,+6.4577868049038445e-01,+7.5897276907710420e-08,+1.0000000000000001e-01
+1.3000000000000000e+00,+4.5693906451415533e+03,+1.1547542963791224e+00,+1.1164670687631096e+03,+4.2771934730721622e-01,+6.5459701024080297e-01,+4.0490297337214542e-08,+1.0000000000000001e-01
+1.3100000000000001e+00,+3.7039628051413665e+03,+1.1605473878182919e+00,+1.2136677860030893e+03,-5.5274476181035814e-01,+6.5394900587000726e-01,+2.1601093358469825e-08,+1.0000000000000001e-01
+1.3200000000000001e+00,+2.5900405117251958e+03,+1.1661625729065230e+00,+2.5208048407932019e+03,-1.1316915618235499e+00,+6.4523475905723238e-01,+1.1523927589962568e-08,+1.0000000000000001e-01
+1.3300000000000001e+00,+1.8146602986512166e+03,+1.1713719940169898e+00,+4.2046133751449634e+03,-1.0381445459649206e+00,+6.3400936894513960e-01,+6.1478786506086180e-09,+1.0000000000000001e-01
+1.3400000000000001e+00,+1.7344354277436507e+03,+1.1760664396758698e+00,+5.3078549998547433e+03,-3.8335562200851925e-01,+6.2665442484278255e-01,+3.2798208593476375e-09,+1.0000000000000001e-01
+1.3500000000000001e+00,+2.3063133034161692e+03,+1.1802964033554941e+00,+5.2700292666796804e+03,+4.3253816730879741e-01,+6.2690659643055924e-01,+1.7497452375891953e-09,+1.0000000000000001e-01
+1.3600000000000001e+00,+3.1461963809292224e+03,+1.1842250161656978e+00,+4.1903973042034440e+03,+9.5932025289027911e-01,+6.3410414286481986e-01,+9.3346841367747402e-10,+1.0000000000000001e-01
+1.3700000000000001e+00,+3.7638837776637129e+03,+1.1880257835576145e+00,+2.7162895990735146e+03,+9.4084913477880983e-01,+6.4393152757515681e-01,+4.9799453449850262e-10,+1.0000000000000001e-01
+1.3799999999999999e+00,+3.8335235369984612e+03,+1.1917844997255249e+00,+1.6495996594895066e+03,+4.3410506158872397e-01,+6.5104279384410257e-01,+2.6567548161438026e-10,+1.0000000000000001e-01
+1.3899999999999999e+00,+3.3524270997665535e+03,+1.1954571885848262e+00,+1.5061027135377992e+03,-2.4908265578448813e-01,+6.5199944015314271e-01,+1.4173551221574598e-10,+1.0000000000000001e-01
+1.3999999999999999e+00,+2.6136615788828722e+03,+1.1989014643945106e+00,+2.2664131851565930e+03,-7.3078092302702247e-01,+6.4693070367712202e-01,+7.5614181582750462e-11,+1.0000000000000001e-01
+1.4099999999999999e+00,+2.0236298582245049e+03,+1.2019580647659782e+00,+3.4340604877048290e+03,-7.7404554904269329e-01,+6.3914638832756754e-01,+4.0339287465940288e-11,+1.0000000000000001e-01
+1.4199999999999999e+00,+1.8755864651466995e+03,+1.2045346713992928e+00,+4.3423577712615233e+03,-3.9647494878220357e-01,+6.3309107310426560e-01,+2.1521451287753735e-11,+1.0000000000000001e-01
+1.4299999999999999e+00,+2.2035942055663572e+03,+1.2066471873856806e+00,+4.5244945494093527e+03,+1.6187957127598487e-01,+6.3187682791683197e-01,+1.1480594253043819e-11,+1.0000000000000001e-01
+1.4399999999999999e+00,+2.7874915421652609e+03,+1.2084002875362430e+00,+3.9441865649900715e+03,+5.8616589549814080e-01,+6.3574554781307702e-01,+6.1257665606717637e-12,+1.0000000000000001e-01
+1.4500000000000000e+00,+3.2927499420435847e+03,+1.2099230080708221e+00,+2.9765372798373319e+03,+6.6102756771304205e-01,+6.4219654304749085e-01,+3.2676084060767607e-12,+1.0000000000000001e-01
+1.4600000000000000e+00,+3.4587283051175405e+03,+1.2112976687140120e+00,+2.1715916636050806e+03,+3.7637736538017669e-01,+6.4756284715573909e-01,+1.7434942378713458e-12,+1.0000000000000001e-01
+1.4700000000000000e+00,+3.2307854927379076e+03,+1.2125205507838399e+00,+1.9458514832457583e+03,-8.5547103357631063e-02,+6.4906778169148571e-01,+9.3081098384573124e-13,+1.0000000000000001e-01
+1.4800000000000000e+00,+2.7709293257912568e+03,+1.2135124184218344e+00,+2.3724079595379344e+03,-4.6435995320338896e-01,+6.4622407184954711e-01,+4.9560355819266988e-13,+1.0000000000000001e-01
+1.4900000000000000e+00,+2.3521729128617503e+03,+1.2141688196488076e+00,+3.1726174258338406e+03,-5.6711785302930351e-01,+6.4088934207424608e-01,+2.6467716907063732e-13,+1.0000000000000001e-01
+1.5000000000000000e+00,+2.2032179488259499e+03,+1.2144198231264152e+00,+3.8957657260242863e+03,-3.6501409461426759e-01,+6.3606835340631240e-01,+1.4210854715202004e-13,+1.0000000000000001e-01
+1.5100000000000000e+00,+2.3905835536650552e+03,+1.2142665298603630e+00,+4.1742979630556929e+03,+5.9370314768691429e-03,+6.3421147182610438e-01,+7.5495165674510645e-14,+1.0000000000000001e-01
+1.5200000000000000e+00,+2.7975898379853033e+03,+1.2137769767364541e+00,+3.9119947576599384e+03,+3.3202174581281613e-01,+6.3596015986207677e-01,+3.9968028886505635e-14,+1.0000000000000001e-01
+1.5300000000000000e+00,+3.2027414376010775e+03,+1.2130472172806508e+00,+3.3109008158235533e+03,+4.4253765697412889e-01,+6.3996745280765310e-01,+2.0428103653102880e-14,+1.0000000000000001e-01
+1.5400000000000000e+00,+3.4069119909732199e+03,+1.2121513860686659e+00,+2.7370604688350995e+03,+2.9683407520590910e-01,+6.4379305512090967e-01,+1.1546319456101628e-14,+1.0000000000000001e-01
+1.5500000000000000e+00,+3.3372661722763396e+03,+1.2111082923733045e+00,+2.5109236144694219e+03,-5.6506742213535644e-03,+6.4530063415001426e-01,+7.1054273576010019e-15,+1.0000000000000001e-01
+1.5600000000000001e+00,+3.0746711366198861e+03,+1.2098808298773958e+00,+2.7407257254221786e+03,-2.9082652710570578e-01,+6.4376862007699598e-01,+7.1054273576010019e-15,+1.0000000000000001e-01
+1.5700000000000001e+00,+2.7968328424734191e+03,+1.2084055648267027e+00,+3.2837099694489357e+03,-4.0929145179976423e-01,+6.4014872511681775e-01,+7.1054273576010019e-15,+1.0000000000000001e-01
+1.5800000000000001e+00,+2.6749508275791895e+03,+1.2066340336861328e+00,+3.8444269043024005e+03,-3.1366309078115684e-01,+6.3641061221779494e-01,+7.1054273576010019e-15,+1.0000000000000001e-01
+1.5900000000000001e+00,+2.7830574047659384e+03,+1.2045626952016271e+00,+4.1455476197222979e+03,-7.4697619436466356e-02,+6.3440314078166249e-01,+7.1054273576010019e-15,+1.0000000000000001e-01
+1.6000000000000001e+00,+3.0671743786337038e+03,+1.2022365787294758e+00,+4.0737843875314029e+03,+1.6692252814964165e-01,+6.3488156232960202e-01,+7.1054273576010019e-15,+1.0000000000000001e-01
+1.6100000000000001e+00,+3.3853693139927709e+03,+1.1997270083585696e+00,+3.7254575307450013e+03,+2.8172444071300029e-01,+6.3720374137484492e-01,+7.1054273576010019e-15,+1.0000000000000001e-01
+1.6200000000000001e+00,+3.5910599078208361e+03,+1.1970975492947069e+00,+3.3364064779726350e+03,+2.1937194122082820e-01,+6.3979741505999410e-01,+7.1054273576010019e-15,+1.0000000000000001e-01
+1.6299999999999999e+00,+3.6113588881844653e+03,+1.1943773303252780e+00,+3.1438797428569328e+03,+2.8400879822673399e-02,+6.4108092662743221e-01,+7.1054273576010019e-15,+1.0000000000000001e-01
+1.6399999999999999e+00,+3.4791942723982920e+03,+1.1915552599229033e+00,+3.2599996089960005e+03,-1.7844311651610653e-01,+6.4030679418650538e-01,+7.1054273576010019e-15,+1.0000000000000001e-01
+1.6499999999999999e+00,+3.3062308261483390e+03,+1.1885963240892650e+00,+3.6231319972351794e+03,-2.8995687141630860e-01,+6.3788591159824426e-01,+7.1054273576010019e-15,+1.0000000000000001e-01
+1.6599999999999999e+00,+3.2162918117964937e+03,+1.1854692924809251e+00,+4.0460984458082239e+03,-2.5554308355470179e-01,+6.3506613527442390e-01,+7.1054273576010019e-15,+1.0000000000000001e-01
+1.6699999999999999e+00,+3.2782504009670843e+03,+1.1821700386262113e+00,+4.3269217297430696e+03,-1.0673852691364127e-01,+6.3319398004819161e-01,+7.1054273576010019e-15,+1.0000000000000001e-01
+1.6799999999999999e+00,+3.4741647271139282e+03,+1.1787284246685668e+00,+4.3575676442194417e+03,+6.6904120159910985e-02,+6.3298967395168271e-01,+7.1054273576010019e-15,+1.0000000000000001e-01
+1.6899999999999999e+00,+3.7164754816112918e+03,+1.1751965263778472e+00,+4.1729717206673940e+03,+1.7066754458328290e-01,+6.3422031344202978e-01,+7.1054273576010019e-15,+1.0000000000000001e-01
+1.7000000000000000e+00,+3.9007324978857614e+03,+1.1716261068436638e+00,+3.9195801760041841e+03,+1.5555376078336178e-01,+6.3590959040645123e-01,+7.1054273576010019e-15,+1.0000000000000001e-01
+1.7100000000000000e+00,+3.9626101087478842e+03,+1.1680482655837365e+00,+3.7673358709507838e+03,+4.0287465879429371e-02,+6.3692455244014057e-01,+7.1054273576010019e-15,+1.0000000000000001e-01
+1.7200000000000000e+00,+3.9084758056409269e+03,+1.1644658785987343e+00,+3.8170123358101082e+03,-1.0469765892805094e-01,+6.3659337600774524e-01,+7.1054273576010019e-15,+1.0000000000000001e-01
+1.7300000000000000e+00,+3.8055989370173138e+03,+1.1608616886884546e+00,+4.0526434821114631e+03,-1.9937181347636201e-01,+6.3502250169906971e-01,+7.1054273576010019e-15,+1.0000000000000001e-01
+1.7400000000000000e+00,+3.7408140797585179e+03,+1.1572163191788236e+00,+4.3603496097029474e+03,-1.9757250319754502e-01,+6.3297112751512652e-01,+7.1054273576010019e-15,+1.0000000000000001e-01
+1.7500000000000000e+00,+3.7724607122885936e+03,+1.1535257131378027e+00,+4.5976122761240676e+03,-1.0855955006609194e-01,+6.3138937640565251e-01,+7.1054273576010019e-15,+1.0000000000000001e-01
+1.7600000000000000e+00,+3.9017851258061933e+03,+1.1498087436634306e+00,+4.6716165238953208e+03,+1.2858308523572629e-02,+6.3089601475384427e-01,+7.1054273576010019e-15,+1.0000000000000001e-01
+1.7700000000000000e+00,+4.0772925693007023e+03,+1.1461018001499934e+00,+4.5841447809252022e+03,+9.9564235804850604e-02,+6.3147915970697843e-01,+7.1054273576010019e-15,+1.0000000000000001e-01
+1.7800000000000000e+00,+4.2267923319674119e+03,+1.1424443750238440e+00,+4.4221076770074642e+03,+1.0895990288657909e-01,+6.3255940706643021e-01,+7.1054273576010019e-15,+1.0000000000000001e-01
+1.7900000000000000e+00,+4.2976048539149479e+03,+1.1388641082801894e+00,+4.3036045263903479e+03,+4.3452671714663937e-02,+6.3334942807054428e-01,+7.1054273576010019e-15,+1.0000000000000001e-01
+1.8000000000000000e+00,+4.2827977407836579e+03,+1.1353692820461823e+00,+4.3121978356571626e+03,-5.4845138100504863e-02,+6.3329213934209871e-01,+7.1054273576010019e-15,+1.0000000000000001e-01
+1.8100000000000001e+00,+4.2207304863456748e+03,+1.1319520790505628e+00,+4.4554437953004299e+03,-1.3008158232357889e-01,+6.3233716627781045e-01,+7.1054273576010019e-15,+1.0000000000000001e-01
+1.8200000000000001e+00,+4.1705323986575795e+03,+1.1285998938816393e+00,+4.6675911702366184e+03,-1.4362780202769401e-01,+6.3092285044490259e-01,+7.1054273576010019e-15,+1.0000000000000001e-01
+1.8300000000000001e+00,+4.1787163278046746e+03,+1.1253079419401799e+00,+4.8510702143941198e+03,-9.3108636533695138e-02,+6.2969965681718609e-01,+7.1054273576010019e-15,+1.0000000000000001e-01
+1.8400000000000001e+00,+4.2554930537899372e+03,+1.1220863241196910e+00,+4.9312227182083097e+03,-1.0434731873132888e-02,+6.2916530679175819e-01,+7.1054273576010019e-15,+1.0000000000000001e-01
+1.8500000000000001e+00,+4.3725301037770914e+03,+1.1189582685765957e+00,+4.8939552004431098e+03,+5.8242271217329208e-02,+6.2941375691019297e-01,+7.1054273576010019e-15,+1.0000000000000001e-01
+1.8600000000000001e+00,+4.4814344295576857e+03,+1.1159512617348812e+00,+4.7877940210090783e+03,+7.8367082822451958e-02,+6.3012149810641993e-01,+7.1054273576010019e-15,+1.0000000000000001e-01
+1.8700000000000001e+00,+4.5412699921014264e+03,+1.1130864145890547e+00,+4.6924252485458010e+03,+4.4338798334441973e-02,+6.3075728992284186e-01,+7.1054273576010019e-15,+1.0000000000000001e-01
+1.8799999999999999e+00,+4.5396545590710630e+03,+1.1103718739372397e+00,+4.6734585884490307e+03,-2.0094474475308797e-02,+6.3088373432348710e-01,+7.1054273576010019e-15,+1.0000000000000001e-01
+1.8899999999999999e+00,+4.4967775147849497e+03,+1.1078034175308271e+00,+4.7487269137379326e+03,-7.7100614980876406e-02,+6.3038194548822768e-01,+7.1054273576010019e-15,+1.0000000000000001e-01
+1.8999999999999999e+00,+4.4517238962565680e+03,+1.1053712687288855e+00,+4.8830329016633059e+03,-9.6164039982234148e-02,+6.2948657223539206e-01,+7.1054273576010019e-15,+1.0000000000000001e-01
+1.9099999999999999e+00,+4.4399642759327071e+03,+1.1030689424611178e+00,+5.0116007759875338e+03,-6.9681324178671997e-02,+6.2862945307323070e-01,+7.1054273576010019e-15,+1.0000000000000001e-01
+1.9199999999999999e+00,+4.4747824420650186e+03,+1.1008992278618546e+00,+5.0771865011189302e+03,-1.4967353512963813e-02,+6.2819221490568811e-01,+7.1054273576010019e-15,+1.0000000000000001e-01
+1.9299999999999999e+00,+4.5421766641782215e+03,+1.0988743752667347e+00,+5.0598712676715249e+03,+3.7183248617662770e-02,+6.2830764979533726e-01,+7.1054273576010019e-15,+1.0000000000000001e-01
+1.9399999999999999e+00,+4.6107464452365766e+03,+1.0970109035153011e+00,+4.9843301328871385e+03,+6.0090087544540718e-02,+6.2881125736056664e-01,+7.1054273576010019e-15,+1.0000000000000001e-01
+1.9500000000000000e+00,+4.6499639633708221e+03,+1.0953222714956978e+00,+4.9027163305490776e+03,+4.5020619081719879e-02,+6.2935534937615345e-01,+7.1054273576010019e-15,+1.0000000000000001e-01
+1.9600000000000000e+00,+4.6463547427342892e+03,+1.0938135065012720e+00,+4.8644490768928054e+03,+4.2344724434574760e-03,+6.2961046440052881e-01,+7.1054273576010019e-15,+1.0000000000000001e-01
+1.9700000000000000e+00,+4.6091599904237646e+03,+1.0924804760991342e+00,+4.8901574619495686e+03,-3.7419347056133825e-02,+6.2943907516681719e-01,+7.1054273576010019e-15,+1.0000000000000001e-01
+1.9800000000000000e+00,+4.5634047204571689e+03,+1.0913137794686461e+00,+4.9632807828210916e+03,-5.6857437775301965e-02,+6.2895158636100690e-01,+7.1054273576010019e-15,+1.0000000000000001e-01
+1.9900000000000000e+00,+4.5351857575566582e+03,+1.0903047781063107e+00,+5.0422211750063234e+03,-4.4895870613786908e-02,+6.2842531707977212e-01,+7.1054273576010019e-15,+1.0000000000000001e-01
+2.0000000000000000e+00,+4.5377059503394667e+03,+1.0894503692043400e+00,+5.0847446152178436e+03,-9.9015018770033190e-03,+6.2814182747836211e-01,+7.1054273576010019e-15,+1.0000000000000001e-01
+2.0099999999999998e+00,+4.5654227467737628e+03,+1.0887540784649345e+00,+5.0705468085643261e+03,+2.8226106167821563e-02,+6.2823647952271922e-01,+7.1054273576010019e-15,+1.0000000000000001e-01
+2.0200000000000000e+00,+4.5987019155431535e+03,+1.0882232257024664e+00,+5.0101342604593456e+03,+4.9675424048729419e-02,+6.2863922984341902e-01,+7.1054273576010019e-15,+1.0000000000000001e-01
+2.0299999999999998e+00,+4.6155612498867849e+03,+1.0878640301963813e+00,+4.9365136466906579e+03,+4.5259881250087938e-02,+6.2913003393521050e-01,+7.1054273576010019e-15,+1.0000000000000001e-01
+2.0400000000000000e+00,+4.6036193968436019e+03,+1.0876774537932297e+00,+4.8856478220742001e+03,+2.0358209007315324e-02,+6.2946913943265348e-01,+7.1054273576010019e-15,+1.0000000000000001e-01
+2.0499999999999998e+00,+4.5658701675251941e+03,+1.0876579380993621e+00,+4.8770853200496440e+03,-9.2508038677243699e-03,+6.2952622277948411e-01,+7.1054273576010019e-15,+1.0000000000000001e-01
+2.0600000000000001e+00,+4.5177591148667352e+03,+1.0877954597017234e+00,+4.9050598531012647e+03,-2.6718342757260000e-02,+6.2933972589247322e-01,+7.1054273576010019e-15,+1.0000000000000001e-01
+2.0699999999999998e+00,+4.4778947119741206e+03,+1.0880795238147429e+00,+4.9438635633651675e+03,-2.3192476167250613e-02,+6.2908103449071417e-01,+7.1054273576010019e-15,+1.0000000000000001e-01
+2.0800000000000001e+00,+4.4579070367496797e+03,+1.0885028085660082e+00,+4.9633594571877838e+03,-1.8185094077891844e-03,+6.2895106186523020e-01,+7.1054273576010019e-15,+1.0000000000000001e-01
+2.0899999999999999e+00,+4.4569287180131951e+03,+1.0890625628841728e+00,+4.9454696783906866e+03,+2.5004718717145914e-02,+6.2907032705721089e-01,+7.1054273576010019e-15,+1.0000000000000001e-01
+2.1000000000000001e+00,+4.4632235815068416e+03,+1.0897592266959779e+00,+4.8927745278229186e+03,+4.3050088582991183e-02,+6.2942162806099600e-01,+7.1054273576010019e-15,+1.0000000000000001e-01
+2.1099999999999999e+00,+4.4614578656119975e+03,+1.0905932687889177e+00,+4.8253482445905365e+03,+4.3998260605288879e-02,+6.2987113661587868e-01,+7.1054273576010019e-15,+1.0000000000000001e-01
+2.1200000000000001e+00,+4.4412392862251245e+03,+1.0915620981559224e+00,+4.7685656308215921e+03,+2.9338394560318067e-02,+6.3024968737433851e-01,+7.1054273576010019e-15,+1.0000000000000001e-01
+2.1299999999999999e+00,+4.4022646809551088e+03,+1.0926587002811803e+00,+4.7391764177958703e+03,+8.6991938409277294e-03,+6.3044561546117661e-01,+7.1054273576010019e-15,+1.0000000000000001e-01
+2.1400000000000001e+00,+4.3536382435206615e+03,+1.0938725844714035e+00,+4.7372152732155273e+03,-6.0041793572928638e-03,+6.3045868975837893e-01,+7.1054273576010019e-15,+1.0000000000000001e-01
+2.1499999999999999e+00,+4.3082433099356258e+03,+1.0951923459803710e+00,+4.7475332770856467e+03,-7.1179351718243591e-03,+6.3038990306591158e-01,+7.1054273576010019e-15,+1.0000000000000001e-01
+2.1600000000000001e+00,+4.2756051813342765e+03,+1.0966083493649879e+00,+4.7492766988100020e+03,+5.0556068405041444e-03,+6.3037828025441578e-01,+7.1054273576010019e-15,+1.0000000000000001e-01
+2.1699999999999999e+00,+4.2571790214128841e+03,+1.0981141084223178e+00,+4.7275574464547381e+03,+2.3128707310507875e-02,+6.3052307527011753e-01,+7.1054273576010019e-15,+1.0000000000000001e-01
+2.1800000000000002e+00,+4.2463547598431824e+03,+1.0997057592000254e+00,+4.6809064371354843e+03,+3.7193366323792186e-02,+6.3083408199891244e-01,+7.1054273576010019e-15,+1.0000000000000001e-01
+2.1899999999999999e+00,+4.2327552270347878e+03,+1.1013800916688339e+00,+4.6209181014857832e+03,+4.0320912344924444e-02,+6.3123400423657694e-01,+7.1054273576010019e-15,+1.0000000000000001e-01
+2.2000000000000002e+00,+4.2081559995487742e+03,+1.1031323314177972e+00,+4.5649719512590054e+03,+3.1984834784947444e-02,+6.3160697857142223e-01,+7.1054273576010019e-15,+1.0000000000000001e-01
+2.2100000000000000e+00,+4.1707305102610544e+03,+1.1049548894453654e+00,+4.5265236153289825e+03,+1.7769993187673819e-02,+6.3186330081095599e-01,+7.1054273576010019e-15,+1.0000000000000001e-01
+2.2200000000000002e+00,+4.1255097372641794e+03,+1.1068376739377523e+00,+4.5083507730493848e+03,+5.8544192814014529e-03,+6.3198445309282003e-01,+7.1054273576010019e-15,+1.0000000000000001e-01
+2.2300000000000000e+00,+4.0811493826320748e+03,+1.1087696732325085e+00,+4.5020857250112904e+03,+2.4246974740043240e-03,+6.3202622007974074e-01,+7.1054273576010019e-15,+1.0000000000000001e-01
+2.2400000000000002e+00,+4.0450549327555045e+03,+1.1107408681902056e+00,+4.4937222249787073e+03,+8.5607836682496420e-03,+6.3208197674662459e-01,+7.1054273576010019e-15,+1.0000000000000001e-01
+2.2500000000000000e+00,+4.0196062245043281e+03,+1.1127434406415191e+00,+4.4716315891979684e+03,+2.0117537123488852e-02,+6.3222924765182975e-01,+7.1054273576010019e-15,+1.0000000000000001e-01
+2.2599999999999998e+00,+4.0013931405192052e+03,+1.1147717112596300e+00,+4.4325964769970351e+03,+3.0398594899964236e-02,+6.3248948173316932e-01,+7.1054273576010019e-15,+1.0000000000000001e-01
+2.2700000000000000e+00,+3.9836004450481287e+03,+1.1168209668662386e+00,+4.3828269099520330e+03,+3.3949909305228496e-02,+6.3282127884680273e-01,+7.1054273576010019e-15,+1.0000000000000001e-01
+2.2799999999999998e+00,+3.9599909691269668e+03,+1.1188859137667391e+00,+4.3338652784163323e+03,+2.9353472353983188e-02,+6.3314768972370739e-01,+7.1054273576010019e-15,+1.0000000000000001e-01
+2.2900000000000000e+00,+3.9282238524953450e+03,+1.1209596266657100e+00,+4.2960163423886579e+03,+1.9623164349715855e-02,+6.3340001596389195e-01,+7.1054273576010019e-15,+1.0000000000000001e-01
+2.2999999999999998e+00,+3.8908005332082566e+03,+1.1230335208497633e+00,+4.2730206069039150e+03,+1.0205976864678095e-02,+6.3355332086712357e-01,+7.1054273576010019e-15,+1.0000000000000001e-01
+2.3100000000000001e+00,+3.8533464551552734e+03,+1.1250982830139438e+00,+4.2606956939956899e+03,+5.8663866553571847e-03,+6.3363548695317851e-01,+7.1054273576010019e-15,+1.0000000000000001e-01
+2.3199999999999998e+00,+3.8213809068536393e+03,+1.1271451910290462e+00,+4.2499147655053584e+03,+8.2121971317809048e-03,+6.3370735980978077e-01,+7.1054273576010019e-15,+1.0000000000000001e-01
+2.3300000000000001e+00,+3.7974294372772206e+03,+1.1291670962045492e+00,+4.2319492282156370e+03,+1.5121752109982445e-02,+6.3382713005837910e-01,+7.1054273576010019e-15,+1.0000000000000001e-01
+2.3399999999999999e+00,+3.7799854326694635e+03,+1.1311585855558364e+00,+4.2031203543880338e+03,+2.2207764158676611e-02,+6.3401932255056304e-01,+7.1054273576010019e-15,+1.0000000000000001e-01
+2.3500000000000001e+00,+3.7647085670343372e+03,+1.1331153206055089e+00,+4.1663450387354978e+03,+2.5356706701190446e-02,+6.3426449132158003e-01,+7.1054273576010019e-15,+1.0000000000000001e-01
+2.3599999999999999e+00,+3.7470224136866177e+03,+1.1350329873469904e+00,+4.1290298787427264e+03,+2.2895892261386403e-02,+6.3451325905486522e-01,+7.1054273576010019e-15,+1.0000000000000001e-01
+2.3700000000000001e+00,+3.7246034093639846e+03,+1.1369064596002536e+00,+4.0987605122878558e+03,+1.6267778452773638e-02,+6.3471505483123103e-01,+7.1054273576010019e-15,+1.0000000000000001e-01
+2.3799999999999999e+00,+3.6984457730244867e+03,+1.1387296100112572e+00,+4.0792777580123748e+03,+8.9857364589662134e-03,+6.3484493985973434e-01,+7.1054273576010019e-15,+1.0000000000000001e-01
+2.3900000000000001e+00,+3.6720624935499077e+03,+1.1404958187648988e+00,+4.0688570784074082e+03,+4.5805550046550429e-03,+6.3491441105710078e-01,+7.1054273576010019e-15,+1.0000000000000001e-01
+2.3999999999999999e+00,+3.6494140598817221e+03,+1.1421988535181873e+00,+4.0617395656516510e+03,+4.7209533961022230e-03,+6.3496186114213937e-01,+7.1054273576010019e-15,+1.0000000000000001e-01
+2.4100000000000001e+00,+3.6327811207914360e+03,+1.1438336249077017e+00,+4.0515802872172571e+03,+8.4931425987921760e-03,+6.3502958966503542e-01,+7.1054273576010019e-15,+1.0000000000000001e-01
+2.4199999999999999e+00,+3.6217185855923449e+03,+1.1453964317869976e+00,+4.0348981561868677e+03,+1.3119528724649604e-02,+6.3514080387190464e-01,+7.1054273576010019e-15,+1.0000000000000001e-01
+2.4300000000000002e+00,+3.6135514502988362e+03,+1.1468846157586525e+00,+4.0126905872262728e+03,+1.5605507064303314e-02,+6.3528885433164195e-01,+7.1054273576010019e-15,+1.0000000000000001e-01
+2.4399999999999999e+00,+3.6050108044504695e+03,+1.1482958655387496e+00,+3.9895171288712113e+03,+1.4354818871881930e-02,+6.3544334405400904e-01,+7.1054273576010019e-15,+1.0000000000000001e-01
+2.4500000000000002e+00,+3.5940373247268863e+03,+1.1496275759670675e+00,+3.9707657979773062e+03,+9.8963099520624643e-03,+6.3556835292663505e-01,+7.1054273576010019e-15,+1.0000000000000001e-01
+2.4600000000000000e+00,+3.5807772117275285e+03,+1.1508766005858271e+00,+3.9597196236501609e+03,+4.4144845680297983e-03,+6.3564199408881605e-01,+7.1054273576010019e-15,+1.0000000000000001e-01
+2.4700000000000002e+00,+3.5673124657426956e+03,+1.1520394962741076e+00,+3.9560029281453749e+03,+4.4051823169617785e-04,+6.3566677205884792e-01,+7.1054273576010019e-15,+1.0000000000000001e-01
+2.4800000000000000e+00,+3.5563820825187163e+03,+1.1531130870227591e+00,+3.9561113953060672e+03,-5.2449351917924496e-04,+6.3566604894444345e-01,+7.1054273576010019e-15,+1.0000000000000001e-01
+2.4900000000000002e+00,+3.5498650597256928e+03,+1.1540950188166632e+00,+3.9555578172132009e+03,+1.2849269174673762e-03,+6.3566973946506244e-01,+7.1054273576010019e-15,+1.0000000000000001e-01
+2.5000000000000000e+00,+3.5478541202066722e+03,+1.1549840109615657e+00,+3.9513470612517749e+03,+4.1800129605115231e-03,+6.3569781117147206e-01,+7.1054273576010019e-15,+1.0000000000000001e-01
+2.5099999999999998e+00,+3.5487606145268378e+03,+1.1557796964669202e+00,+3.9434333483754731e+03,+6.0481663649707496e-03,+6.3575056925731410e-01,+7.1054273576010019e-15,+1.0000000000000001e-01
+2.5200000000000000e+00,+3.5503027999349006e+03,+1.1564821718430045e+00,+3.9344749246502456e+03,+5.5170016250580675e-03,+6.3581029208214912e-01,+7.1054273576010019e-15,+1.0000000000000001e-01
+2.5299999999999998e+00,+3.5507726104829517e+03,+1.1570915200352589e+00,+3.9281687481609556e+03,+2.6203950053586876e-03,+6.3585233325874435e-01,+7.1054273576010019e-15,+1.0000000000000001e-01
+2.5400000000000000e+00,+3.5498817615833632e+03,+1.1576075604110523e+00,+3.9271785490540797e+03,-1.3436051972693589e-03,+6.3585893458612364e-01,+7.1054273576010019e-15,+1.0000000000000001e-01
+2.5499999999999998e+00,+3.5487743804663642e+03,+1.1580299356262469e+00,+3.9317956662380734e+03,-4.6152469915472540e-03,+6.3582815380489710e-01,+7.1054273576010019e-15,+1.0000000000000001e-01
+2.5600000000000001e+00,+3.5492739124572654e+03,+1.1583584555233706e+00,+3.9399802816293327e+03,-5.9497847573846139e-03,+6.3577358970228870e-01,+7.1054273576010019e-15,+1.0000000000000001e-01
+2.5699999999999998e+00,+3.5528336570809320e+03,+1.1585934879963693e+00,+3.9486380065107351e+03,-5.2329176066914619e-03,+6.3571587153641274e-01,+7.1054273576010019e-15,+1.0000000000000001e-01
+2.5800000000000001e+00,+3.5597761835595347e+03,+1.1587361800168259e+00,+3.9553420644926919e+03,-3.4395615000552457e-03,+6.3567117781653304e-01,+7.1054273576010019e-15,+1.0000000000000001e-01
+2.5899999999999999e+00,+3.5692008607975663e+03,+1.1587884013230920e+00,+3.9595445792720584e+03,-2.0165085908289858e-03,+6.3564316105133734e-01,+7.1054273576010019e-15,+1.0000000000000001e-01
+2.6000000000000001e+00,+3.5795492155102934e+03,+1.1587524600807291e+00,+3.9626778220051383e+03,-2.0690408571322630e-03,+6.3562227276645011e-01,+7.1054273576010019e-15,+1.0000000000000001e-01
+2.6099999999999999e+00,+3.5894685481996885e+03,+1.1586307564131721e+00,+3.9671906931312633e+03,-3.8020146875730174e-03,+6.3559218695894271e-01,+7.1054273576010019e-15,+1.0000000000000001e-01
+2.6200000000000001e+00,+3.5984875461128117e+03,+1.1584255575966573e+00,+3.9751285206677808e+03,-6.4902559840089276e-03,+6.3553926810869943e-01,+7.1054273576010019e-15,+1.0000000000000001e-01
+2.6299999999999999e+00,+3.6071611160682246e+03,+1.1581389971949414e+00,+3.9870531154416885e+03,-8.9467909422467698e-03,+6.3545977081020666e-01,+7.1054273576010019e-15,+1.0000000000000001e-01
+2.6400000000000001e+00,+3.6166548212694743e+03,+1.1577732717473248e+00,+4.0018477637690071e+03,-1.0195215636898493e-02,+6.3536113982135800e-01,+7.1054273576010019e-15,+1.0000000000000001e-01
+2.6499999999999999e+00,+3.6280402862187821e+03,+1.1573309055208945e+00,+4.0174321207644389e+03,-9.9700409732282596e-03,+6.3525724410805517e-01,+7.1054273576010019e-15,+1.0000000000000001e-01
+2.6600000000000001e+00,+3.6417025882665448e+03,+1.1568149289023493e+00,+4.0319253409826010e+03,-8.7939990305848474e-03,+6.3516062263993422e-01,+7.1054273576010019e-15,+1.0000000000000001e-01
+2.6699999999999999e+00,+3.6571652491346986e+03,+1.1562288755355317e+00,+4.0445983575951777e+03,-7.6289088719771079e-03,+6.3507613586251699e-01,+7.1054273576010019e-15,+1.0000000000000001e-01
+2.6800000000000002e+00,+3.6733888502628702e+03,+1.1555766080778815e+00,+4.0561272903628505e+03,-7.3240255159220113e-03,+6.3499927631073250e-01,+7.1054273576010019e-15,+1.0000000000000001e-01
+2.6899999999999999e+00,+3.6893421547146395e+03,+1.1548620726410403e+00,+4.0680755696308693e+03,-8.1736250110073065e-03,+6.3491962111561251e-01,+7.1054273576010019e-15,+1.0000000000000001e-01
+2.7000000000000002e+00,+3.7045174926857471e+03,+1.1540891108833082e+00,+4.0819494304249147e+03,-9.8096031418427147e-03,+6.3482712871031899e-01,+7.1054273576010019e-15,+1.0000000000000001e-01
+2.7100000000000000e+00,+3.7191211318538712e+03,+1.1532614164172983e+00,+4.0983677950997007e+03,-1.1456366337116424e-02,+6.3471767294582049e-01,+7.1054273576010019e-15,+1.0000000000000001e-01
+2.7200000000000002e+00,+3.7338664102825446e+03,+1.1523826375607644e+00,+4.1167783832787736e+03,-1.2379986755495103e-02,+6.3459493569129355e-01,+7.1054273576010019e-15,+1.0000000000000001e-01
+2.7300000000000000e+00,+3.7495153285590122e+03,+1.1514565503264473e+00,+4.1358225550639454e+03,-1.2275168928485191e-02,+6.3446797454605919e-01,+7.1054273576010019e-15,+1.0000000000000001e-01
+2.7400000000000002e+00,+3.7664352049217714e+03,+1.1504871949319764e+00,+4.1540968801541603e+03,-1.1389568553088673e-02,+6.3434614571212455e-01,+7.1054273576010019e-15,+1.0000000000000001e-01
+2.7500000000000000e+00,+3.7844051831327579e+03,+1.1494788980704604e+00,+4.1708707095232021e+03,-1.0342717989534532e-02,+6.3423432018299764e-01,+7.1054273576010019e-15,+1.0000000000000001e-01
+2.7599999999999998e+00,+3.8027534136701220e+03,+1.1484361709821360e+00,+4.1863817774379677e+03,-9.7632084226654588e-03,+6.3413091306356595e-01,+7.1054273576010019e-15,+1.0000000000000001e-01
+2.7700000000000000e+00,+3.8207224738099808e+03,+1.1473635404461044e+00,+4.2015902317836590e+03,-9.9534975346626010e-03,+6.3402952336792806e-01,+7.1054273576010019e-15,+1.0000000000000001e-01
+2.7799999999999998e+00,+3.8378482235627430e+03,+1.1462654005219644e+00,+4.2175704749766592e+03,-1.0758319885564280e-02,+6.3392298841330819e-01,+7.1054273576010019e-15,+1.0000000000000001e-01
+2.7900000000000000e+00,+3.8541493073628794e+03,+1.1451459541093099e+00,+4.2348970027153755e+03,-1.1688581290451163e-02,+6.3380747822838335e-01,+7.1054273576010019e-15,+1.0000000000000001e-01
+2.7999999999999998e+00,+3.8700434105147751e+03,+1.1440092595609122e+00,+4.2533518321464762e+03,-1.2211977389746104e-02,+6.3368444603217622e-01,+7.1054273576010019e-15,+1.0000000000000001e-01
+2.8100000000000001e+00,+3.8860593281064284e+03,+1.1428593404700307e+00,+4.2720806685354610e+03,-1.2040739355959713e-02,+6.3355958712291660e-01,+7.1054273576010019e-15,+1.0000000000000001e-01
+2.8199999999999998e+00,+3.9025164391232024e+03,+1.1417002870518977e+00,+4.2900747149767749e+03,-1.1263574206103499e-02,+6.3343962681330779e-01,+7.1054273576010019e-15,+1.0000000000000001e-01
+2.8300000000000001e+00,+3.9193452127596579e+03,+1.1405362886177928e+00,+4.3066926491496552e+03,-1.0265460576444880e-02,+6.3332884058548866e-01,+7.1054273576010019e-15,+1.0000000000000001e-01
+2.8399999999999999e+00,+3.9361317934173849e+03,+1.1393715789590562e+00,+4.3219413792644336e+03,-9.4969270147061777e-03,+6.3322718238472353e-01,+7.1054273576010019e-15,+1.0000000000000001e-01
+2.8500000000000001e+00,+3.9523430027343124e+03,+1.1382103246996318e+00,+4.3363877157168490e+03,-9.2290703368116574e-03,+6.3313087347504060e-01,+7.1054273576010019e-15,+1.0000000000000001e-01
+2.8599999999999999e+00,+3.9675959404214318e+03,+1.1370565146273992e+00,+4.3507809884352928e+03,-9.4260030518985433e-03,+6.3303491832358449e-01,+7.1054273576010019e-15,+1.0000000000000001e-01
+2.8700000000000001e+00,+3.9818247382354962e+03,+1.1359139026056317e+00,+4.3656133751103062e+03,-9.7921513308428035e-03,+6.3293603574575108e-01,+7.1054273576010019e-15,+1.0000000000000001e-01
+2.8799999999999999e+00,+3.9952649265509444e+03,+1.1347860237516867e+00,+4.3808576235828095e+03,-9.9536160705024166e-03,+6.3283440742260133e-01,+7.1054273576010019e-15,+1.0000000000000001e-01
+2.8900000000000001e+00,+4.0082800626868961e+03,+1.1336762631262598e+00,+4.3960060176767038e+03,-9.6650789369241673e-03,+6.3273341812864203e-01,+7.1054273576010019e-15,+1.0000000000000001e-01
+2.8999999999999999e+00,+4.0211370392768094e+03,+1.1325879304046245e+00,+4.4103630059037650e+03,-8.9298203861195094e-03,+6.3263770487379500e-01,+7.1054273576010019e-15,+1.0000000000000001e-01
+2.9100000000000001e+00,+4.0338543093449634e+03,+1.1315242953106059e+00,+4.4234131116481103e+03,-7.9767066349583377e-03,+6.3255070416883286e-01,+7.1054273576010019e-15,+1.0000000000000001e-01
+2.9199999999999999e+00,+4.0461973536237765e+03,+1.1304885638693425e+00,+4.4350615797083874e+03,-7.1191577085690889e-03,+6.3247304771509771e-01,+7.1054273576010019e-15,+1.0000000000000001e-01
+2.9300000000000002e+00,+4.0578106903474873e+03,+1.1294838091803094e+00,+4.4456310348445459e+03,-6.5817057760355763e-03,+6.3240258468085675e-01,+7.1054273576010019e-15,+1.0000000000000001e-01
+2.9399999999999999e+00,+4.0684039865345226e+03,+1.1285128937675606e+00,+4.4556377299457654e+03,-6.3893668461368364e-03,+6.3233587338018205e-01,+7.1054273576010019e-15,+1.0000000000000001e-01
+2.9500000000000002e+00,+4.0778883797039548e+03,+1.1275784221129468e+00,+4.4654861906366923e+03,-6.3731113069587690e-03,+6.3227021697557595e-01,+7.1054273576010019e-15,+1.0000000000000001e-01
+2.9600000000000000e+00,+4.0863948912528544e+03,+1.1266827428403534e+00,+4.4752521130718114e+03,-6.2781564663641652e-03,+6.3220511082600872e-01,+7.1054273576010019e-15,+1.0000000000000001e-01
+2.9700000000000002e+00,+4.0941756567720663e+03,+1.1258279922277898e+00,+4.4846612247942876e+03,-5.9082502543732407e-03,+6.3214238341452578e-01,+7.1054273576010019e-15,+1.0000000000000001e-01
+2.9800000000000000e+00,+4.1014510127993863e+03,+1.1250161498454363e+00,+4.4932578768456624e+03,-5.2259189976259293e-03,+6.3208507240085010e-01,+7.1054273576010019e-15,+1.0000000000000001e-01
+2.9900000000000002e+00,+4.1082886727020859e+03,+1.1242490736484467e+00,+4.5006566797639834e+03,-4.3592372776343341e-03,+6.3203574704806142e-01,+7.1054273576010019e-15,+1.0000000000000001e-01
+3.0000000000000000e+00,+4.1145764405564023e+03,+1.1235284960853598e+00,+4.5067358022669832e+03,-3.5198547251131251e-03,+6.3199521956470817e-01,+7.1054273576010019e-15,+1.0000000000000001e-01
+3.0099999999999998e+00,+4.1200946267077543e+03,+1.1228559855587994e+00,+4.5116742203744761e+03,-2.8838359069044872e-03,+6.3196229677732507e-01,+7.1054273576010019e-15,+1.0000000000000001e-01
+3.0200000000000000e+00,+4.1246406961162756e+03,+1.1222328960059411e+00,+4.5158269953533936e+03,-2.5020655996567287e-03,+6.3193461161079900e-01,+7.1054273576010019e-15,+1.0000000000000001e-01
+3.0299999999999998e+00,+4.1281351052928139e+03,+1.1216603320266569e+00,+4.5195194105071459e+03,-2.2852751195696283e-03,+6.3190999550977411e-01,+7.1054273576010019e-15,+1.0000000000000001e-01
+3.0400000000000000e+00,+4.1306536339188160e+03,+1.1211391466240013e+00,+4.5228767755876706e+03,-2.0649989279791624e-03,+6.3188761307590402e-01,+7.1054273576010019e-15,+1.0000000000000001e-01
+3.0499999999999998e+00,+4.1323755257417324e+03,+1.1206699700914715e+00,+4.5257772907353401e+03,-1.6912313462817837e-03,+6.3186827630825293e-01,+7.1054273576010019e-15,+1.0000000000000001e-01
+3.0600000000000001e+00,+4.1334825231560444e+03,+1.1202532524768867e+00,+4.5279420459588100e+03,-1.1115164620604256e-03,+6.3185384460676308e-01,+7.1054273576010019e-15,+1.0000000000000001e-01
+3.0699999999999998e+00,+4.1340668875630472e+03,+1.1198892967298417e+00,+4.5291019657847064e+03,-3.9102093221029578e-04,+6.3184611180792383e-01,+7.1054273576010019e-15,+1.0000000000000001e-01
+3.0800000000000001e+00,+4.1340965260061248e+03,+1.1195782669691088e+00,+4.5291459135421010e+03,+3.3183190463522192e-04,+6.3184581882287461e-01,+7.1054273576010019e-15,+1.0000000000000001e-01
+3.0899999999999999e+00,+4.1334506453969652e+03,+1.1193201712560819e+00,+4.5281727443382033e+03,+9.2479926232040630e-04,+6.3185230661756742e-01,+7.1054273576010019e-15,+1.0000000000000001e-01
+3.1000000000000001e+00,+4.1320006082919153e+03,+1.1191148321908322e+00,+4.5264281174206244e+03,+1.3309100229109850e-03,+6.3186393746368463e-01,+7.1054273576010019e-15,+1.0000000000000001e-01
+3.1099999999999999e+00,+4.1296888576840283e+03,+1.1189618642325703e+00,+4.5241699382346278e+03,+1.5913531957360047e-03,+6.3187899199159125e-01,+7.1054273576010019e-15,+1.0000000000000001e-01
+3.1200000000000001e+00,+4.1265640098353178e+03,+1.1188606716570000e+00,+4.5215403777009378e+03,+1.8141036553384221e-03,+6.3189652239514937e-01,+7.1054273576010019e-15,+1.0000000000000001e-01
+3.1299999999999999e+00,+4.1227572857451160e+03,+1.1188104690983112e+00,+4.5185119559840587e+03,+2.1098318419875178e-03,+6.3191671187326193e-01,+7.1054273576010019e-15,+1.0000000000000001e-01
+3.1400000000000001e+00,+4.1184180024058905e+03,+1.1188103146749675e+00,+4.5149297236095053e+03,+2.5321379613315763e-03,+6.3194059342242559e-01,+7.1054273576010019e-15,+1.0000000000000001e-01
+3.1499999999999999e+00,+4.1136460567828581e+03,+1.1188591401249885e+00,+4.5106184455559796e+03,+3.0535432516584841e-03,+6.3196933527611576e-01,+7.1054273576010019e-15,+1.0000000000000001e-01
+3.1600000000000001e+00,+4.1084575495505915e+03,+1.1189557655758584e+00,+4.5054918617534058e+03,+3.5868297662888723e-03,+6.3200351250146636e-01,+7.1054273576010019e-15,+1.0000000000000001e-01
+3.1699999999999999e+00,+4.1027988259095791e+03,+1.1190988960598962e+00,+4.4996056062080661e+03,+4.0363219947658728e-03,+6.3204275420510192e-01,+7.1054273576010019e-15,+1.0000000000000001e-01
+3.1800000000000002e+00,+4.0965970706906855e+03,+1.1192871070466794e+00,+4.4931305732683732e+03,+4.3491384022152895e-03,+6.3208592109136663e-01,+7.1054273576010019e-15,+1.0000000000000001e-01
+3.1899999999999999e+00,+4.0898171924863536e+03,+1.1195188316301812e+00,+4.4862679411965146e+03,+4.5391315827665243e-03,+6.3213167197184583e-01,+7.1054273576010019e-15,+1.0000000000000001e-01
+3.2000000000000002e+00,+4.0824940837960107e+03,+1.1197923601505932e+00,+4.4791562292562130e+03,+4.6732098538950486e-03,+6.3217908338478113e-01,+7.1054273576010019e-15,+1.0000000000000001e-01
+3.2100000000000000e+00,+4.0747252115030710e+03,+1.1201058555828545e+00,+4.4718205094084960e+03,+4.8306796241022690e-03,+6.3222798818376602e-01,+7.1054273576010019e-15,+1.0000000000000001e-01
+3.2200000000000002e+00,+4.0666309533401036e+03,+1.1204573794495092e+00,+4.4641869788544882e+03,+5.0596610418513679e-03,+6.3227887838745944e-01,+7.1054273576010019e-15,+1.0000000000000001e-01
+3.2300000000000000e+00,+4.0583066052310528e+03,+1.1208449179798872e+00,+4.4561492327961805e+03,+5.3540408579951480e-03,+6.3233246336118154e-01,+7.1054273576010019e-15,+1.0000000000000001e-01
+3.2400000000000002e+00,+4.0497922837512801e+03,+1.1212663991057352e+00,+4.4476462726952795e+03,+5.6613989953480390e-03,+6.3238914976185434e-01,+7.1054273576010019e-15,+1.0000000000000001e-01
+3.2500000000000000e+00,+4.0410750814398589e+03,+1.1217196966664018e+00,+4.4387096047381910e+03,+5.9149244536522341e-03,+6.3244872754823500e-01,+7.1054273576010019e-15,+1.0000000000000001e-01
+3.2599999999999998e+00,+4.0321193818437623e+03,+1.1222026253773347e+00,+4.4294570449799457e+03,+6.0701882373960367e-03,+6.3251041127995666e-01,+7.1054273576010019e-15,+1.0000000000000001e-01
+3.2700000000000000e+00,+4.0229066161682208e+03,+1.1227129347467404e+00,+4.4200412176359569e+03,+6.1267625563569796e-03,+6.3257318346224989e-01,+7.1054273576010019e-15,+1.0000000000000001e-01
+3.2799999999999998e+00,+4.0134623886666968e+03,+1.1232483099690977e+00,+4.4105841411836336e+03,+6.1245285468799890e-03,+6.3263623063859886e-01,+7.1054273576010019e-15,+1.0000000000000001e-01
+3.2900000000000000e+00,+4.0038575935822305e+03,+1.1238063833915026e+00,+4.4011339028871407e+03,+6.1188960985964292e-03,+6.3269923222724223e-01,+7.1054273576010019e-15,+1.0000000000000001e-01
+3.2999999999999998e+00,+3.9941851878510743e+03,+1.1243847541813319e+00,+4.3916644519667543e+03,+6.1500087967734686e-03,+6.3276236190004487e-01,+7.1054273576010019e-15,+1.0000000000000001e-01
+3.3100000000000001e+00,+3.9845270970578827e+03,+1.1249810096357418e+00,+4.3821147116534448e+03,+6.2228638395984796e-03,+6.3282602683546718e-01,+7.1054273576010019e-15,+1.0000000000000001e-01
+3.3199999999999998e+00,+3.9749296947728135e+03,+1.1255927412361937e+00,+4.3724426193132858e+03,+6.3079550593495778e-03,+6.3289050745106845e-01,+7.1054273576010019e-15,+1.0000000000000001e-01
+3.3300000000000001e+00,+3.9654000876727146e+03,+1.1262175519009652e+00,+4.3626639353646260e+03,+6.3602638235652920e-03,+6.3295569867739288e-01,+7.1054273576010019e-15,+1.0000000000000001e-01
+3.3399999999999999e+00,+3.9559232731507891e+03,+1.1268530558136249e+00,+4.3528564639599790e+03,+6.3448488359625060e-03,+6.3302108182009054e-01,+7.1054273576010019e-15,+1.0000000000000001e-01
+3.3500000000000001e+00,+3.9464891207446135e+03,+1.1274968759438138e+00,+4.3431304717963149e+03,+6.2548212467257325e-03,+6.3308592176784850e-01,+7.1054273576010019e-15,+1.0000000000000001e-01
+3.3599999999999999e+00,+3.9371138873606637e+03,+1.1281466450446562e+00,+4.3335840186640880e+03,+6.1128136544090581e-03,+6.3314956478872997e-01,+7.1054273576010019e-15,+1.0000000000000001e-01
+3.3700000000000001e+00,+3.9278452534291609e+03,+1.1288000134278164e+00,+4.3242682783590481e+03,+5.9566322837155544e-03,+6.3321166972409693e-01,+7.1054273576010019e-15,+1.0000000000000001e-01
+3.3799999999999999e+00,+3.9187496255512506e+03,+1.1294546627864515e+00,+4.3151803746770120e+03,+5.8181403764009706e-03,+6.3327225574864399e-01,+7.1054273576010019e-15,+1.0000000000000001e-01
+3.3900000000000001e+00,+3.9098900066756605e+03,+1.1301083220427799e+00,+4.3062850479762974e+03,+5.7072167730743235e-03,+6.3333155792664886e-01,+7.1054273576010019e-15,+1.0000000000000001e-01
+3.3999999999999999e+00,+3.9013070184573153e+03,+1.1307587803289130e+00,+4.2975510048771366e+03,+5.6088747678757229e-03,+6.3338978488064346e-01,+7.1054273576010019e-15,+1.0000000000000001e-01
+3.4100000000000001e+00,+3.8930128622181978e+03,+1.1314038940134206e+00,+4.2889812523827204e+03,+5.4938986626090949e-03,+6.3344691656393959e-01,+7.1054273576010019e-15,+1.0000000000000001e-01
+3.4199999999999999e+00,+3.8850002465235275e+03,+1.1320415879637933e+00,+4.2806217704242908e+03,+5.3361271521919166e-03,+6.3350264644366261e-01,+7.1054273576010019e-15,+1.0000000000000001e-01
+3.4300000000000002e+00,+3.8772601637603670e+03,+1.1326698541108511e+00,+4.2725458080783546e+03,+5.1265872711256351e-03,+6.3355648619263571e-01,+7.1054273576010019e-15,+1.0000000000000001e-01
+3.4399999999999999e+00,+3.8697982362578005e+03,+1.1332867513607967e+00,+4.2648243112155797e+03,+4.8772335041601675e-03,+6.3360796283838738e-01,+7.1054273576010019e-15,+1.0000000000000001e-01
+3.4500000000000002e+00,+3.8626410345093223e+03,+1.1338904096325360e+00,+4.2574994379021564e+03,+4.6132270996699070e-03,+6.3365679532714347e-01,+7.1054273576010019e-15,+1.0000000000000001e-01
+3.4600000000000000e+00,+3.8558298789664241e+03,+1.1344790381584871e+00,+4.2505749640050235e+03,+4.3588864587866434e-03,+6.3370295848645775e-01,+7.1054273576010019e-15,+1.0000000000000001e-01
+3.4700000000000002e+00,+3.8494065254171364e+03,+1.1350509357047438e+00,+4.2440271610974323e+03,+4.1253508829473991e-03,+6.3374661050584180e-01,+7.1054273576010019e-15,+1.0000000000000001e-01
+3.4800000000000000e+00,+3.8433990653322230e+03,+1.1356044993493470e+00,+4.2378285135062970e+03,+3.9063701225832042e-03,+6.3378793482311591e-01,+7.1054273576010019e-15,+1.0000000000000001e-01
+3.4900000000000002e+00,+3.8378155177240542e+03,+1.1361382293171416e+00,+4.2319704905813333e+03,+3.6837340230283303e-03,+6.3382698830928230e-01,+7.1054273576010019e-15,+1.0000000000000001e-01
+3.5000000000000000e+00,+3.8326478302275477e+03,+1.1366507294817862e+00,+4.2264733264741026e+03,+3.4385893870108272e-03,+6.3386363606999718e-01,+7.1054273576010019e-15,+1.0000000000000001e-01
+3.5099999999999998e+00,+3.8278832261122357e+03,+1.1371407052745692e+00,+4.2213787547327756e+03,+3.1620919633649656e-03,+6.3389759988160610e-01,+7.1054273576010019e-15,+1.0000000000000001e-01
+3.5200000000000000e+00,+3.8235161995864805e+03,+1.1376069617515785e+00,+4.2167310840113505e+03,+2.8597801844719465e-03,+6.3392858435308230e-01,+7.1054273576010019e-15,+1.0000000000000001e-01
+3.5299999999999998e+00,+3.8195547172796773e+03,+1.1380484040271783e+00,+4.2125577302910315e+03,+2.5479005903277065e-03,+6.3395640671121778e-01,+7.1054273576010019e-15,+1.0000000000000001e-01
+3.5400000000000000e+00,+3.8160178460028683e+03,+1.1384640406116606e+00,+4.2088596213117062e+03,+2.2443575317902440e-03,+6.3398106077108007e-01,+7.1054273576010019e-15,+1.0000000000000001e-01
+3.5499999999999998e+00,+3.8129268421253096e+03,+1.1388529883846752e+00,+4.2056157066219785e+03,+1.9595831357981115e-03,+6.3400268686901173e-01,+7.1054273576010019e-15,+1.0000000000000001e-01
+3.5600000000000001e+00,+3.8102950397909431e+03,+1.1392144769680457e+00,+4.2027979222874010e+03,+1.6921933935753852e-03,+6.3402147209790904e-01,+7.1054273576010019e-15,+1.0000000000000001e-01
+3.5699999999999998e+00,+3.8081220409708149e+03,+1.1395478505730618e+00,+4.2003877221054472e+03,+1.4313140836305349e-03,+6.3403754009912194e-01,+7.1054273576010019e-15,+1.0000000000000001e-01
+3.5800000000000001e+00,+3.8063949316213775e+03,+1.1398525667089521e+00,+4.1983852490155477e+03,+1.1637414074622617e-03,+6.3405088991972147e-01,+7.1054273576010019e-15,+1.0000000000000001e-01
+3.5899999999999999e+00,+3.8050952670604051e+03,+1.1401281926640758e+00,+4.1968069375972136e+03,+8.8169222008049712e-04,+6.3406141199584376e-01,+7.1054273576010019e-15,+1.0000000000000001e-01
+3.6000000000000001e+00,+3.8042076128158355e+03,+1.1403744015792765e+00,+4.1956738754543558e+03,+5.8696377456080051e-04,+6.3406896574346294e-01,+7.1054273576010019e-15,+1.0000000000000001e-01
+3.6099999999999999e+00,+3.8037249773602807e+03,+1.1405909697960768e+00,+4.1949979654651224e+03,+2.8960746807189569e-04,+6.3407347181005780e-01,+7.1054273576010019e-15,+1.0000000000000001e-01
+3.6200000000000001e+00,+3.8036485460591039e+03,+1.1407777761475728e+00,+4.1947734753245732e+03,+2.3108737470587408e-06,+6.3407496841099498e-01,+7.1054273576010019e-15,+1.0000000000000001e-01
+3.6299999999999999e+00,+3.8039823926422137e+03,+1.1409348025861166e+00,+4.1949780177891880e+03,-2.6613939437700093e-04,+6.3407360479456421e-01,+7.1054273576010019e-15,+1.0000000000000001e-01
+3.6400000000000001e+00,+3.8047264597644735e+03,+1.1410621347109002e+00,+4.1955816255001273e+03,-5.1475299255078900e-04,+6.3406958074315789e-01,+7.1054273576010019e-15,+1.0000000000000001e-01
+3.6499999999999999e+00,+3.8058717296332484e+03,+1.1411599607736440e+00,+4.1965583959857304e+03,-7.4975246446207320e-04,+6.3406306893992082e-01,+7.1054273576010019e-15,+1.0000000000000001e-01
+3.6600000000000001e+00,+3.8073999913942262e+03,+1.1412285685186945e+00,+4.1978943088039578e+03,-9.8022243482131328e-04,+6.3405416285446581e-01,+7.1054273576010019e-15,+1.0000000000000001e-01
+3.6699999999999999e+00,+3.8092879514395609e+03,+1.1412683402729367e+00,+4.1995874270690974e+03,-1.2126447306708876e-03,+6.3404287539936510e-01,+7.1054273576010019e-15,+1.0000000000000001e-01
+3.6800000000000002e+00,+3.8115131447003014e+03,+1.1412797474525433e+00,+4.2016410892728472e+03,-1.4473289921017999e-03,+6.3402918431800681e-01,+7.1054273576010019e-15,+1.0000000000000001e-01
+3.6899999999999999e+00,+3.8140583741774140e+03,+1.1412633457252817e+00,+4.2040543761659019e+03,-1.6784705671319671e-03,+6.3401309573872000e-01,+7.1054273576010019e-15,+1.0000000000000001e-01
+3.7000000000000002e+00,+3.8169124825319077e+03,+1.1412197714816981e+00,+4.2068152068058807e+03,-1.8974818009404684e-03,+6.3399469020112009e-01,+7.1054273576010019e-15,+1.0000000000000001e-01
+3.7100000000000000e+00,+3.8200674090728476e+03,+1.1411497393965395e+00,+4.2098995413002986e+03,-2.0975316752273473e-03,+6.3397412797115749e-01,+7.1054273576010019e-15,+1.0000000000000001e-01
+3.7200000000000002e+00,+3.8235134678699314e+03,+1.1410540401932041e+00,+4.2132766072049217e+03,-2.2767696654104265e-03,+6.3395161419846013e-01,+7.1054273576010019e-15,+1.0000000000000001e-01
+3.7300000000000000e+00,+3.8272355575352976e+03,+1.1409335375968228e+00,+4.2169168677869120e+03,-2.4386353272720322e-03,+6.3392734579458032e-01,+7.1054273576010019e-15,+1.0000000000000001e-01
+3.7400000000000002e+00,+3.8312122757483139e+03,+1.1407891638952699e+00,+4.2207982840449768e+03,-2.5893491429523343e-03,+6.3390146968619321e-01,+7.1054273576010019e-15,+1.0000000000000001e-01
+3.7500000000000000e+00,+3.8354181894034468e+03,+1.1406219142411589e+00,+4.2249077280247902e+03,-2.7341721403419538e-03,+6.3387407339299462e-01,+7.1054273576010019e-15,+1.0000000000000001e-01
+3.7599999999999998e+00,+3.8398278090627273e+03,+1.1404328404167916e+00,+4.2292372668937951e+03,-2.8745354990987173e-03,+6.3384520980053471e-01,+7.1054273576010019e-15,+1.0000000000000001e-01
+3.7700000000000000e+00,+3.8444190386009063e+03,+1.1402230449457518e+00,+4.2337777929700705e+03,-3.0074905997037951e-03,+6.3381493962669289e-01,+7.1054273576010019e-15,+1.0000000000000001e-01
+3.7799999999999998e+00,+3.8491743491204879e+03,+1.1399936761213993e+00,+4.2385136668586802e+03,-3.1275651189208650e-03,+6.3378336713410222e-01,+7.1054273576010019e-15,+1.0000000000000001e-01
+3.7900000000000000e+00,+3.8540792937299716e+03,+1.1397459239431618e+00,+4.2434211740357741e+03,-3.2298221546148273e-03,+6.3375065041958834e-01,+7.1054273576010019e-15,+1.0000000000000001e-01
+3.7999999999999998e+00,+3.8591194292414075e+03,+1.1394810164383271e+00,+4.2484713148304991e+03,-3.3123861894343415e-03,+6.3371698281429023e-01,+7.1054273576010019e-15,+1.0000000000000001e-01
+3.8100000000000001e+00,+3.8642774632990286e+03,+1.1392002156672241e+00,+4.2536350939438871e+03,-3.3771384019592350e-03,+6.3368255762020087e-01,+7.1054273576010019e-15,+1.0000000000000001e-01
+3.8199999999999998e+00,+3.8695321625248703e+03,+1.1389048129290944e+00,+4.2588883080569021e+03,-3.4283741251201782e-03,+6.3364753619278091e-01,+7.1054273576010019e-15,+1.0000000000000001e-01
+3.8300000000000001e+00,+3.8748594819842715e+03,+1.1385961231519908e+00,+4.2642133644429077e+03,-3.4703185519698379e-03,+6.3361203581687431e-01,+7.1054273576010019e-15,+1.0000000000000001e-01
+3.8399999999999999e+00,+3.8802351517946904e+03,+1.1382754788924239e+00,+4.2695974634551158e+03,-3.5049245782077265e-03,+6.3357614182345967e-01,+7.1054273576010019e-15,+1.0000000000000001e-01
+3.8500000000000001e+00,+3.8856372482158649e+03,+1.1379442245555746e+00,+4.2750284721331527e+03,-3.5310993325143080e-03,+6.3353993509893947e-01,+7.1054273576010019e-15,+1.0000000000000001e-01
+3.8599999999999999e+00,+3.8910474151982926e+03,+1.1376037112989057e+00,+4.2804909258836369e+03,-3.5456429768291804e-03,+6.3350351874060296e-01,+7.1054273576010019e-15,+1.0000000000000001e-01
+3.8700000000000001e+00,+3.8964502387296407e+03,+1.1372552927091673e+00,+4.2859643084207510e+03,-3.5452464375347681e-03,+6.3346702952368905e-01,+7.1054273576010019e-15,+1.0000000000000001e-01
+3.8799999999999999e+00,+3.9018313028938046e+03,+1.1369003209633837e+00,+4.2914243542011382e+03,-3.5283892395111503e-03,+6.3343062921848670e-01,+7.1054273576010019e-15,+1.0000000000000001e-01
+3.8900000000000001e+00,+3.9071751098621721e+03,+1.1365401430006790e+00,+4.2968464408179334e+03,-3.4961351613207068e-03,+6.3339448197437498e-01,+7.1054273576010019e-15,+1.0000000000000001e-01
+3.8999999999999999e+00,+3.9124640115920770e+03,+1.1361760963237748e+00,+4.3022091080606269e+03,-3.4514995898969939e-03,+6.3335873085942374e-01,+7.1054273576010019e-15,+1.0000000000000001e-01
+3.9100000000000001e+00,+3.9176786585330788e+03,+1.1358095043427783e+00,+4.3074958466954504e+03,-3.3978518911100446e-03,+6.3332348593519172e-01,+7.1054273576010019e-15,+1.0000000000000001e-01
+3.9199999999999999e+00,+3.9227996164373703e+03,+1.1354416714946589e+00,+4.3126943853873945e+03,-3.3372884496256092e-03,+6.3328882901057892e-01,+7.1054273576010019e-15,+1.0000000000000001e-01
+3.9300000000000002e+00,+3.9278092100869862e+03,+1.1350738785460808e+00,+4.3177941033944571e+03,-3.2698441104503121e-03,+6.3325483089053181e-01,+7.1054273576010019e-15,+1.0000000000000001e-01
+3.9399999999999999e+00,+3.9326926143312180e+03,+1.1347073784348729e+00,+4.3227831368244506e+03,-3.1938859482444895e-03,+6.3322157066766527e-01,+7.1054273576010019e-15,+1.0000000000000001e-01
+3.9500000000000002e+00,+3.9374376993039764e+03,+1.1343433927741395e+00,+4.3276467678192967e+03,-3.1073731397478202e-03,+6.3318914646103297e-01,+7.1054273576010019e-15,+1.0000000000000001e-01
+3.9600000000000000e+00,+3.9420338422431532e+03,+1.1339831088714778e+00,+4.3323678595188640e+03,-3.0092338287821185e-03,+6.3315767251636934e-01,+7.1054273576010019e-15,+1.0000000000000001e-01
+3.9700000000000002e+00,+3.9464704478060767e+03,+1.1336276769517257e+00,+4.3369289407551905e+03,-2.9001144242018001e-03,+6.3312726530812724e-01,+7.1054273576010019e-15,+1.0000000000000001e-01
+3.9800000000000000e+00,+3.9507360060143578e+03,+1.1332782072924270e+00,+4.3413146997671674e+03,-2.7821572981519349e-03,+6.3309802691471417e-01,+7.1054273576010019e-15,+1.0000000000000001e-01
+3.9900000000000002e+00,+3.9548181549971810e+03,+1.1329357671587446e+00,+4.3455135374369493e+03,-2.6580107903320543e-03,+6.3307003466358236e-01,+7.1054273576010019e-15,+1.0000000000000001e-01
+4.0000000000000000e+00,+3.9587046373258627e+03,+1.1326013776500126e+00,+4.3495174498831439e+03,-2.5296659146856809e-03,+6.3304334191394118e-01,+7.1054273576010019e-15,+1.0000000000000001e-01
+4.0099999999999998e+00,+3.9623845711713639e+03,+1.1322760107186460e+00,+4.3533204630171658e+03,-2.3977533751310285e-03,+6.3301798849304791e-01,+7.1054273576010019e-15,+1.0000000000000001e-01
+4.0199999999999996e+00,+3.9658493398007577e+03,+1.1319605866211608e+00,+4.3569165909047188e+03,-2.2616329014793343e-03,+6.3299401430713109e-01,+7.1054273576010019e-15,+1.0000000000000001e-01
+4.0300000000000002e+00,+3.9690926665107286e+03,+1.1316559719239692e+00,+4.3602984547768565e+03,-2.1201554889192765e-03,+6.3297146854798336e-01,+7.1054273576010019e-15,+1.0000000000000001e-01
+4.0400000000000000e+00,+3.9721099126323229e+03,+1.1313629779980894e+00,+4.3634572446073189e+03,-1.9726315602614617e-03,+6.3295040994911367e-01,+7.1054273576010019e-15,+1.0000000000000001e-01
+4.0499999999999998e+00,+3.9748970447702200e+03,+1.1310823598015016e+00,+4.3663839278324494e+03,-1.8194701316900791e-03,+6.3293089872761266e-01,+7.1054273576010019e-15,+1.0000000000000001e-01
+4.0599999999999996e+00,+3.9774498520142870e+03,+1.1308148147324517e+00,+4.3690709526448873e+03,-1.6621769635171708e-03,+6.3291298522886319e-01,+7.1054273576010019e-15,+1.0000000000000001e-01
+4.0700000000000003e+00,+3.9797638072917707e+03,+1.1305609814386997e+00,+4.3715134954628011e+03,-1.5027687973565560e-03,+6.3289670161007716e-01,+7.1054273576010019e-15,+1.0000000000000001e-01
+4.0800000000000001e+00,+3.9818345873030462e+03,+1.1303214386214655e+00,+4.3737096279949319e+03,-1.3429665643482987e-03,+6.3288206072652953e-01,+7.1054273576010019e-15,+1.0000000000000001e-01
+4.0899999999999999e+00,+3.9836589119977398e+03,+1.1300967039917558e+00,+4.3756594086069854e+03,-1.1836157592512654e-03,+6.3286906218911576e-01,+7.1054273576010019e-15,+1.0000000000000001e-01
+4.0999999999999996e+00,+3.9852352231479776e+03,+1.1298872335602734e+00,+4.3773634733596455e+03,-1.0246212715684985e-03,+6.3285770175743128e-01,+7.1054273576010019e-15,+1.0000000000000001e-01
+4.1100000000000003e+00,+3.9865638486153384e+03,+1.1296934213657932e+00,+4.3788219155662591e+03,-8.6538447950501097e-04,+6.3284797880938748e-01,+7.1054273576010019e-15,+1.0000000000000001e-01
+4.1200000000000001e+00,+3.9876466028039454e+03,+1.1295155996199122e+00,+4.3800340172413107e+03,-7.0546414842370220e-04,+6.3283989813155395e-01,+7.1054273576010019e-15,+1.0000000000000001e-01
+4.1299999999999999e+00,+3.9884860769810689e+03,+1.1293540391402175e+00,+4.3809988905926548e+03,-5.4508841752031281e-04,+6.3283346564254517e-01,+7.1054273576010019e-15,+1.0000000000000001e-01
+4.1399999999999997e+00,+3.9890850142878098e+03,+1.1292089499132745e+00,+4.3817165966803914e+03,-3.8525773595466571e-04,+6.3282868093529365e-01,+7.1054273576010019e-15,+1.0000000000000001e-01
+4.1500000000000004e+00,+3.9894460826819713e+03,+1.1290804816826880e+00,+4.3821890916680168e+03,-2.2741963155848273e-04,+6.3282553096870964e-01,+7.1054273576010019e-15,+1.0000000000000001e-01
+4.1600000000000001e+00,+3.9895721180628730e+03,+1.1289687245593238e+00,+4.3824204996102917e+03,-7.2925886841916374e-05,+6.3282398824909458e-01,+7.1054273576010019e-15,+1.0000000000000001e-01
+4.1699999999999999e+00,+3.9894666519486746e+03,+1.1288737097417865e+00,+4.3824166128007528e+03,+7.7420210644996333e-05,+6.3282401416115819e-01,+7.1054273576010019e-15,+1.0000000000000001e-01
+4.1799999999999997e+00,+3.9891344021061946e+03,+1.1287954104676692e+00,+4.3821839396615514e+03,+2.2349423880199817e-04,+6.3282556531541967e-01,+7.1054273576010019e-15,+1.0000000000000001e-01
+4.1900000000000004e+00,+3.9885814519798660e+03,+1.1287337432776470e+00,+4.3817288314551197e+03,+3.6561863402473328e-04,+6.3282859937012936e-01,+7.1054273576010019e-15,+1.0000000000000001e-01
+4.2000000000000002e+00,+3.9878150340046923e+03,+1.1286885695916904e+00,+4.3810571287782086e+03,+5.0412474568678370e-04,+6.3283307738797556e-01,+7.1054273576010019e-15,+1.0000000000000001e-01
+4.2100000000000000e+00,+3.9868430495214784e+03,+1.1286596975173744e+00,+4.3801744518653477e+03,+6.3896101392114902e-04,+6.3283896190072808e-01,+7.1054273576010019e-15,+1.0000000000000001e-01
+4.2199999999999998e+00,+3.9856735856478185e+03,+1.1286468837761285e+00,+4.3790869041302831e+03,+7.6955223207297169e-04,+6.3284621221896209e-01,+7.1054273576010019e-15,+1.0000000000000001e-01
+4.2300000000000004e+00,+3.9843146671792697e+03,+1.1286498356582690e+00,+4.3778017582487546e+03,+8.9496284308680850e-04,+6.3285477985817229e-01,+7.1054273576010019e-15,+1.0000000000000001e-01
+4.2400000000000002e+00,+3.9827743346417619e+03,+1.1286682129830428e+00,+4.3763277411892168e+03,+1.0142505841602544e-03,+6.3286460663856936e-01,+7.1054273576010019e-15,+1.0000000000000001e-01
+4.2500000000000000e+00,+3.9810609573480506e+03,+1.1287016301071009e+00,+4.3746747817906116e+03,+1.1268055521156174e-03,+6.3287562636789341e-01,+7.1054273576010019e-15,+1.0000000000000001e-01
+4.2599999999999998e+00,+3.9791835729128748e+03,+1.1287496580577909e+00,+4.3728533823151765e+03,+1.2324957590853481e-03,+6.3288776903106303e-01,+7.1054273576010019e-15,+1.0000000000000001e-01
+4.2699999999999996e+00,+3.9771520488628894e+03,+1.1288118268517715e+00,+4.3708739607964617e+03,+1.3315591817847844e-03,+6.3290096517452143e-01,+7.1054273576010019e-15,+1.0000000000000001e-01
+4.2800000000000002e+00,+3.9749769746616394e+03,+1.1288876280074602e+00,+4.3687464952955934e+03,+1.4243225679143377e-03,+6.3291514827786077e-01,+7.1054273576010019e-15,+1.0000000000000001e-01
+4.2900000000000000e+00,+3.9726693439838868e+03,+1.1289765172025608e+00,+4.3664806106802962e+03,+1.5109122772936706e-03,+6.3293025417529614e-01,+7.1054273576010019e-15,+1.0000000000000001e-01
+4.2999999999999998e+00,+3.9702401932903927e+03,+1.1290779169962799e+00,+4.3640860002638829e+03,+1.5911118750916657e-03,+6.3294621824473896e-01,+7.1054273576010019e-15,+1.0000000000000001e-01
+4.3099999999999996e+00,+3.9677003711686698e+03,+1.1291912195443730e+00,+4.3615729059149908e+03,+1.6644292112997308e-03,+6.3296297220706499e-01,+7.1054273576010019e-15,+1.0000000000000001e-01
+4.3200000000000003e+00,+3.9650605277643640e+03,+1.1293157892757117e+00,+4.3589523737966256e+03,+1.7303185496731824e-03,+6.3298044242118734e-01,+7.1054273576010019e-15,+1.0000000000000001e-01
+4.3300000000000001e+00,+3.9623312886053277e+03,+1.1294509655472240e+00,+4.3562361476665992e+03,+1.7884255764710518e-03,+6.3299855059538745e-01,+7.1054273576010019e-15,+1.0000000000000001e-01
+4.3399999999999999e+00,+3.9595234823309397e+03,+1.1295960653235058e+00,+4.3534362671007766e+03,+1.8387226873659863e-03,+6.3301721646582632e-01,+7.1054273576010019e-15,+1.0000000000000001e-01
+4.3499999999999996e+00,+3.9566482750453570e+03,+1.1297503859242104e+00,+4.3505645893068304e+03,+1.8814721514514108e-03,+6.3303636098445271e-01,+7.1054273576010019e-15,+1.0000000000000001e-01
+4.3600000000000003e+00,+3.9537171271927141e+03,+1.1299132078511502e+00,+4.3476324746571827e+03,+1.9170519086795124e-03,+6.3305590841545045e-01,+7.1054273576010019e-15,+1.0000000000000001e-01
+4.3700000000000001e+00,+3.9507415912308520e+03,+1.1300837976670610e+00,+4.3446507678454409e+03,+1.9457487424807990e-03,+6.3307578646086204e-01,+7.1054273576010019e-15,+1.0000000000000001e-01
+4.3799999999999999e+00,+3.9477330519541788e+03,+1.1302614108713775e+00,+4.3416300378468250e+03,+1.9676315499013168e-03,+6.3309592466085296e-01,+7.1054273576010019e-15,+1.0000000000000001e-01
+4.3899999999999997e+00,+3.9447025332690914e+03,+1.1304452947182020e+00,+4.3385809058588875e+03,+1.9825646923269519e-03,+6.3311625220743917e-01,+7.1054273576010019e-15,+1.0000000000000001e-01
+4.4000000000000004e+00,+3.9416606493664367e+03,+1.1306346909457921e+00,+4.3355142593519768e+03,+1.9903414462084518e-03,+6.3313669651748550e-01,+7.1054273576010019e-15,+1.0000000000000001e-01
+4.4100000000000001e+00,+3.9386176950269751e+03,+1.1308288384204586e+00,+4.3324412296066021e+03,+1.9908553846975730e-03,+6.3315718338245475e-01,+7.1054273576010019e-15,+1.0000000000000001e-01
+4.4199999999999999e+00,+3.9355837968650794e+03,+1.1310269757222029e+00,+4.3293729476220769e+03,+1.9842146285741690e-03,+6.3317763859568499e-01,+7.1054273576010019e-15,+1.0000000000000001e-01
+4.4299999999999997e+00,+3.9325690225682483e+03,+1.1312283437026991e+00,+4.3263202106409144e+03,+1.9707427725904328e-03,+6.3319799017555956e-01,+7.1054273576010019e-15,+1.0000000000000001e-01
+4.4400000000000004e+00,+3.9295833774968241e+03,+1.1314321880286675e+00,+4.3232932280626010e+03,+1.9508756103764166e-03,+6.3321817005941516e-01,+7.1054273576010019e-15,+1.0000000000000001e-01
+4.4500000000000002e+00,+3.9266366850754066e+03,+1.1316377616966911e+00,+4.3203015589816641e+03,+1.9250174144532124e-03,+6.3323811451995482e-01,+7.1054273576010019e-15,+1.0000000000000001e-01
+4.4600000000000000e+00,+3.9237384104249459e+03,+1.1318443274845016e+00,+4.3173542423797544e+03,+1.8934363462025823e-03,+6.3325776329730099e-01,+7.1054273576010019e-15,+1.0000000000000001e-01
+4.4699999999999998e+00,+3.9208975124618919e+03,+1.1320511602995877e+00,+4.3144600192065982e+03,+1.8562506167205818e-03,+6.3327705811845547e-01,+7.1054273576010019e-15,+1.0000000000000001e-01
+4.4800000000000004e+00,+3.9181223878247602e+03,+1.1322575493995721e+00,+4.3116275065487334e+03,+1.8135040813966493e-03,+6.3329594153617463e-01,+7.1054273576010019e-15,+1.0000000000000001e-01
+4.4900000000000002e+00,+3.9154209163680043e+03,+1.1324628004815889e+00,+4.3088652229848940e+03,+1.7652824408965488e-03,+6.3331435675993375e-01,+7.1054273576010019e-15,+1.0000000000000001e-01
+4.5000000000000000e+00,+3.9128005639640123e+03,+1.1326662376571259e+00,+4.3061814533949282e+03,+1.7118039473730858e-03,+6.3333224855720016e-01,+7.1054273576010019e-15,+1.0000000000000001e-01
+4.5099999999999998e+00,+3.9102684727537116e+03,+1.1328672053348172e+00,+4.3035840289654207e+03,+1.6534379748173831e-03,+6.3334956472006354e-01,+7.1054273576010019e-15,+1.0000000000000001e-01
+4.5199999999999996e+00,+3.9078314828754819e+03,+1.1330650700246585e+00,+4.3010801374976800e+03,+1.5906473683886696e-03,+6.3336625732984841e-01,+7.1054273576010019e-15,+1.0000000000000001e-01
+4.5300000000000002e+00,+3.9054960721589014e+03,+1.1332592220594973e+00,+4.2986762537074073e+03,+1.5238914228486334e-03,+6.3338228322178380e-01,+7.1054273576010019e-15,+1.0000000000000001e-01
+4.5400000000000000e+00,+3.9032682461386821e+03,+1.1334490772137802e+00,+4.2963782083182350e+03,+1.4535440069379738e-03,+6.3339760352437846e-01,+7.1054273576010019e-15,+1.0000000000000001e-01
+4.5499999999999998e+00,+3.9011534352980257e+03,+1.1336340781939747e+00,+4.2941913401857864e+03,+1.3798684200365999e-03,+6.3341218264526156e-01,+7.1054273576010019e-15,+1.0000000000000001e-01
+4.5599999999999996e+00,+3.8991564485166755e+03,+1.1338136959821221e+00,+4.2921206374657240e+03,+1.3030566540207487e-03,+6.3342598733006217e-01,+7.1054273576010019e-15,+1.0000000000000001e-01
+4.5700000000000003e+00,+3.8972814983967323e+03,+1.1339874310289864e+00,+4.2901707890604612e+03,+1.2233057637272336e-03,+6.3343898631943074e-01,+7.1054273576010019e-15,+1.0000000000000001e-01
+4.5800000000000001e+00,+3.8955322754584904e+03,+1.1341548143077862e+00,+4.2883461233686894e+03,+1.1408867346269446e-03,+6.3345115075737601e-01,+7.1054273576010019e-15,+1.0000000000000001e-01
+4.5899999999999999e+00,+3.8939120252083035e+03,+1.1343154082461042e+00,+4.2866504743954702e+03,+1.0561692183948376e-03,+6.3346245508386423e-01,+7.1054273576010019e-15,+1.0000000000000001e-01
+4.5999999999999996e+00,+3.8924235856164873e+03,+1.1344688075496865e+00,+4.2850870513518403e+03,+9.6959227901051903e-04,+6.3347287790415507e-01,+7.1054273576010019e-15,+1.0000000000000001e-01
+4.6100000000000003e+00,+3.8910693683530062e+03,+1.1346146399207000e+00,+4.2836583801816441e+03,+8.8160092447981157e-04,+6.3348240237862297e-01,+7.1054273576010019e-15,+1.0000000000000001e-01
+4.6200000000000001e+00,+3.8898512994811558e+03,+1.1347525666614688e+00,+4.2823663419967788e+03,+7.9258466153678177e-04,+6.3349101596652213e-01,+7.1054273576010019e-15,+1.0000000000000001e-01
+4.6299999999999999e+00,+3.8887707563947379e+03,+1.1348822831491141e+00,+4.2812122805038207e+03,+7.0285001410183687e-04,+6.3349870970980859e-01,+7.1054273576010019e-15,+1.0000000000000001e-01
+4.6399999999999997e+00,+3.8878285373800750e+03,+1.1350035191696211e+00,+4.2801971171662708e+03,+6.1263803065984422e-04,+6.3350547746539243e-01,+7.1054273576010019e-15,+1.0000000000000001e-01
+4.6500000000000004e+00,+3.8870248804211351e+03,+1.1351160391093711e+00,+4.2793214150676567e+03,+5.2217288887899352e-04,+6.3351131547938322e-01,+7.1054273576010019e-15,+1.0000000000000001e-01
+4.6600000000000001e+00,+3.8863595209904634e+03,+1.1352196420127534e+00,+4.2785853658631968e+03,+4.3171240956488667e-04,+6.3351622247407957e-01,+7.1054273576010019e-15,+1.0000000000000001e-01
+4.6699999999999999e+00,+3.8858317595207063e+03,+1.1353141615205335e+00,+4.2779887182519515e+03,+3.4157290095967796e-04,+6.3352020012482135e-01,+7.1054273576010019e-15,+1.0000000000000001e-01
+4.6799999999999997e+00,+3.8854405074711990e+03,+1.1353994657026094e+00,+4.2775306966696535e+03,+2.5211690317192460e-04,+6.3352325360203676e-01,+7.1054273576010019e-15,+1.0000000000000001e-01
+4.6900000000000004e+00,+3.8851842957961826e+03,+1.1354754567920013e+00,+4.2772099605083513e+03,+1.6371319641789140e-04,+6.3352539184311230e-01,+7.1054273576010019e-15,+1.0000000000000001e-01
+4.7000000000000002e+00,+3.8850612517680743e+03,+1.1355420708187098e+00,+4.2770246288138378e+03,+7.6692391173342081e-05,+6.3352662738774246e-01,+7.1054273576010019e-15,+1.0000000000000001e-01
+4.7100000000000000e+00,+3.8850690670716949e+03,+1.1355992771370871e+00,+4.2769723589980595e+03,-8.6782853037013782e-06,+6.3352697585318118e-01,+7.1054273576010019e-15,+1.0000000000000001e-01
+4.7199999999999998e+00,+3.8852049832943821e+03,+1.1356470778411762e+00,+4.2770504410023004e+03,-9.2189692334651273e-05,+6.3352645530648621e-01,+7.1054273576010019e-15,+1.0000000000000001e-01
+4.7300000000000004e+00,+3.8854658099103390e+03,+1.1356855070682168e+00,+4.2772558641533606e+03,-1.7366088053389985e-04,+6.3352508581881262e-01,+7.1054273576010019e-15,+1.0000000000000001e-01
+4.7400000000000002e+00,+3.8858479717348914e+03,+1.1357146301979062e+00,+4.2775853328560997e+03,-2.5290304958152201e-04,+6.3352288936079448e-01,+7.1054273576010019e-15,+1.0000000000000001e-01
+4.7500000000000000e+00,+3.8863475678858204e+03,+1.1357345429600523e+00,+4.2780352371374693e+03,-3.2969740824097390e-04,+6.3351988999891873e-01,+7.1054273576010019e-15,+1.0000000000000001e-01
+4.7599999999999998e+00,+3.8869604202024457e+03,+1.1357453704635931e+00,+4.2786016080167137e+03,-4.0379776674996952e-04,+6.3351611419305698e-01,+7.1054273576010019e-15,+1.0000000000000001e-01
+4.7699999999999996e+00,+3.8876820970451631e+03,+1.1357472661559844e+00,+4.2792800934957122e+03,-4.7495452943168104e-04,+6.3351159095653031e-01,+7.1054273576010019e-15,+1.0000000000000001e-01
+4.7800000000000002e+00,+3.8885079131080661e+03,+1.1357404107162006e+00,+4.2800659771627170e+03,-5.4294563063110276e-04,+6.3350635173208369e-01,+7.1054273576010019e-15,+1.0000000000000001e-01
+4.7900000000000000e+00,+3.8894329188925853e+03,+1.1357250108804449e+00,+4.2809542370797753e+03,-6.0759752134023322e-04,+6.3350042999930334e-01,+7.1054273576010019e-15,+1.0000000000000001e-01
+4.7999999999999998e+00,+3.8904518980328717e+03,+1.1357012981991761e+00,+4.2819396216663918e+03,-6.6878608851635613e-04,+6.3349386076872594e-01,+7.1054273576010019e-15,+1.0000000000000001e-01
+4.8099999999999996e+00,+3.8915593850718701e+03,+1.1356695277273190e+00,+4.2830167125564303e+03,-7.2641894567161756e-04,+6.3348668016279253e-01,+7.1054273576010019e-15,+1.0000000000000001e-01
+4.8200000000000003e+00,+3.8927497044420047e+03,+1.1356299766544358e+00,+4.2841799542085500e+03,-7.8041029286199371e-04,+6.3347892521844507e-01,+7.1054273576010019e-15,+1.0000000000000001e-01
+4.8300000000000001e+00,+3.8940170201706078e+03,+1.1355829428855346e+00,+4.2854236496980111e+03,-8.3066247152625296e-04,+6.3347063391518210e-01,+7.1054273576010019e-15,+1.0000000000000001e-01
+4.8399999999999999e+00,+3.8953553811340089e+03,+1.1355287435840977e+00,+4.2867419402717378e+03,-8.7706348614970239e-04,+6.3346184531135730e-01,+7.1054273576010019e-15,+1.0000000000000001e-01
+4.8499999999999996e+00,+3.8967587504429821e+03,+1.1354677136866274e+00,+4.2881287933784270e+03,-9.1950040873378636e-04,+6.3345259962397937e-01,+7.1054273576010019e-15,+1.0000000000000001e-01
+4.8600000000000003e+00,+3.8982210170011367e+03,+1.1354002043940570e+00,+4.2895780171799297e+03,-9.5788010626777511e-04,+6.3344293813196928e-01,+7.1054273576010019e-15,+1.0000000000000001e-01
+4.8700000000000001e+00,+3.8997359968935443e+03,+1.1353265816420002e+00,+4.2910833038147457e+03,-9.9214556955786316e-04,+6.3343290288773713e-01,+7.1054273576010019e-15,+1.0000000000000001e-01
+4.8799999999999999e+00,+3.9012974369033695e+03,+1.1352472245507332e+00,+4.2926382881028157e+03,-1.0222794829856374e-03,+6.3342253632581669e-01,+7.1054273576010019e-15,+1.0000000000000001e-01
+4.8899999999999997e+00,+3.9028990300942301e+03,+1.1351625238574019e+00,+4.2942366012355997e+03,-1.0482941875890944e-03,+6.3341188090493150e-01,+7.1054273576010019e-15,+1.0000000000000001e-01
+4.9000000000000004e+00,+3.9045344459178887e+03,+1.1350728803360528e+00,+4.2958719033387770e+03,-1.0702144842868481e-03,+6.3340097889091052e-01,+7.1054273576010019e-15,+1.0000000000000001e-01
+4.9100000000000001e+00,+3.9061973691499179e+03,+1.1349787032139134e+00,+4.2975378912907181e+03,-1.0880629363541399e-03,+6.3338987230456412e-01,+7.1054273576010019e-15,+1.0000000000000001e-01
+4.9199999999999999e+00,+3.9078815375246309e+03,+1.1348804085933430e+00,+4.2992282914495663e+03,-1.1018551146636825e-03,+6.3337860297017201e-01,+7.1054273576010019e-15,+1.0000000000000001e-01
+4.9299999999999997e+00,+3.9095807692631565e+03,+1.1347784178875997e+00,+4.3009368538536555e+03,-1.1116062496785385e-03,+6.3336721255414496e-01,+7.1054273576010019e-15,+1.0000000000000001e-01
+4.9400000000000004e+00,+3.9112889775489011e+03,+1.1346731562758794e+00,+4.3026573619032361e+03,-1.1173445299981015e-03,+6.3335574250048110e-01,+7.1054273576010019e-15,+1.0000000000000001e-01
+4.9500000000000002e+00,+3.9130001758799203e+03,+1.1345650511804020e+00,+4.3043836617141242e+03,-1.1191231538048301e-03,+6.3334423383507543e-01,+7.1054273576010019e-15,+1.0000000000000001e-01
+4.9600000000000000e+00,+3.9147084823687383e+03,+1.1344545307670475e+00,+4.3061097041318462e+03,-1.1170245892428846e-03,+6.3333272688562392e-01,+7.1054273576010019e-15,+1.0000000000000001e-01
+4.9699999999999998e+00,+3.9164081305084019e+03,+1.1343420224715894e+00,+4.3078295858973461e+03,-1.1111552139717170e-03,+6.3332126100718722e-01,+7.1054273576010019e-15,+1.0000000000000001e-01
+4.9800000000000004e+00,+3.9180934893933450e+03,+1.1342279515554332e+00,+4.3095375777032741e+03,-1.1016337729918835e-03,+6.3330987439514785e-01,+7.1054273576010019e-15,+1.0000000000000001e-01
+4.9900000000000002e+00,+3.9197590906437681e+03,+1.1341127396966888e+00,+4.3112281345197143e+03,-1.0885800628993171e-03,+6.3329860401637161e-01,+7.1054273576010019e-15,+1.0000000000000001e-01
+5.0000000000000000e+00,+3.9213996554983009e+03,+1.1339968036232737e+00,+4.3128958929643013e+03,-1.0721095446338995e-03,+6.3328748562674120e-01,+7.1054273576010019e-15,+1.0000000000000001e-01
