Time,StepCount,zWheel [21 real output]
0,0,0.5
0.001,1,0.500049
0.002,2,0.500163
0.003,3,0.500276
0.004,4,0.500385
0.005,5,0.50049
0.006,6,0.50059
0.007,7,0.500685
0.008,8,0.500775
0.009,9,0.500859
0.01,10,0.500938
0.011,11,0.50101
0.012,12,0.501077
0.013,13,0.501138
0.014,14,0.501192
0.015,15,0.50124
0.016,16,0.501281
0.017,17,0.501316
0.018,18,0.501345
0.019,19,0.501368
0.02,20,0.501384
0.021,21,0.501394
0.022,22,0.501398
0.023,23,0.501396
0.024,24,0.501388
0.025,25,0.501375
0.026,26,0.501356
0.027,27,0.501332
0.028,28,0.501303
0.029,29,0.50127
0.03,30,0.501232
0.031,31,0.50119
0.032,32,0.501144
0.033,33,0.501094
0.034,34,0.501042
0.035,35,0.500986
0.036,36,0.500928
0.037,37,0.500867
0.038,38,0.500804
0.039,39,0.50074
0.04,40,0.500674
0.041,41,0.500607
0.042,42,0.500539
0.043,43,0.500471
0.044,44,0.500403
0.045,45,0.500334
0.046,46,0.500267
0.047,47,0.500199
0.048,48,0.500133
0.049,49,0.500068
0.05,50,0.500005
0.051,51,0.499943
0.052,52,0.499883
0.053,53,0.499825
0.054,54,0.499769
0.055,55,0.499716
0.056,56,0.499665
0.057,57,0.499617
0.058,58,0.499572
0.059,59,0.49953
0.06,60,0.499492
0.061,61,0.499456
0.062,62,0.499424
0.063,63,0.499394
0.064,64,0.499369
0.065,65,0.499346
0.066,66,0.499327
0.067,67,0.499312
0.068,68,0.4993
0.069,69,0.499291
0.07,70,0.499285
0.071,71,0.499283
0.072,72,0.499283
0.073,73,0.499287
0.074,74,0.499294
0.075,75,0.499303
0.076,76,0.499316
0.077,77,0.49933
0.078,78,0.499348
0.079,79,0.499368
0.08,80,0.49939
0.081,81,0.499414
0.082,82,0.49944
0.083,83,0.499467
0.084,84,0.499497
0.085,85,0.499528
0.086,86,0.49956
0.087,87,0.499593
0.088,88,0.499627
0.089,89,0.499661
0.09,90,0.499697
0.091,91,0.499733
0.092,92,0.499769
0.093,93,0.499805
0.094,94,0.499841
0.095,95,0.499877
0.096,96,0.499913
0.097,97,0.499948
0.098,98,0.499982
0.099,99,0.500016
0.1,100,0.500049
0.101,101,0.500081
0.102,102,0.500112
0.103,103,0.500141
0.104,104,0.50017
0.105,105,0.500197
0.106,106,0.500222
0.107,107,0.500246
0.108,108,0.500269
0.109,109,0.500289
0.11,110,0.500308
0.111,111,0.500326
0.112,112,0.500341
0.113,113,0.500355
0.114,114,0.500367
0.115,115,0.500378
0.116,116,0.500386
0.117,117,0.500393
0.118,118,0.500398
0.119,119,0.500401
0.12,120,0.500403
0.121,121,0.500402
0.122,122,0.500401
0.123,123,0.500397
0.124,124,0.500393
0.125,125,0.500386
0.126,126,0.500378
0.127,127,0.500369
0.128,128,0.500359
0.129,129,0.500348
0.13,130,0.500335
0.131,131,0.500321
0.132,132,0.500307
0.133,133,0.500291
0.134,134,0.500275
0.135,135,0.500258
0.136,136,0.500241
0.137,137,0.500223
0.138,138,0.500205
0.139,139,0.500186
0.14,140,0.500167
0.141,141,0.500148
0.142,142,0.500129
0.143,143,0.50011
0.144,144,0.500091
0.145,145,0.500072
0.146,146,0.500053
0.147,147,0.500035
0.148,148,0.500017
0.149,149,0.499999
0.15,150,0.499982
0.151,151,0.499966
0.152,152,0.49995
0.153,153,0.499935
0.154,154,0.499921
0.155,155,0.499907
0.156,156,0.499894
0.157,157,0.499882
0.158,158,0.499871
0.159,159,0.499861
0.16,160,0.499852
0.161,161,0.499843
0.162,162,0.499836
0.163,163,0.499829
0.164,164,0.499824
0.165,165,0.499819
0.166,166,0.499815
0.167,167,0.499812
0.168,168,0.499811
0.169,169,0.49981
0.17,170,0.499809
0.171,171,0.49981
0.172,172,0.499812
0.173,173,0.499814
0.174,174,0.499818
0.175,175,0.499822
0.176,176,0.499826
0.177,177,0.499831
0.178,178,0.499837
0.179,179,0.499844
0.18,180,0.499851
0.181,181,0.499859
0.182,182,0.499867
0.183,183,0.499875
0.184,184,0.499884
0.185,185,0.499893
0.186,186,0.499903
0.187,187,0.499912
0.188,188,0.499922
0.189,189,0.499932
0.19,190,0.499942
0.191,191,0.499952
0.192,192,0.499962
0.193,193,0.499972
0.194,194,0.499982
0.195,195,0.499992
0.196,196,0.500002
0.197,197,0.500011
0.198,198,0.50002
0.199,199,0.500029
0.2,200,0.500038
0.201,201,0.500046
0.202,202,0.500054
0.203,203,0.500062
0.204,204,0.500069
0.205,205,0.500076
0.206,206,0.500082
0.207,207,0.500088
0.208,208,0.500094
0.209,209,0.500099
0.21,210,0.500103
0.211,211,0.500107
0.212,212,0.500111
0.213,213,0.500114
0.214,214,0.500116
0.215,215,0.500118
0.216,216,0.500119
0.217,217,0.50012
0.218,218,0.500121
0.219,219,0.500121
0.22,220,0.500121
0.221,221,0.50012
0.222,222,0.500118
0.223,223,0.500117
0.224,224,0.500115
0.225,225,0.500112
0.226,226,0.500109
0.227,227,0.500106
0.228,228,0.500103
0.229,229,0.500099
0.23,230,0.500095
0.231,231,0.50009
0.232,232,0.500086
0.233,233,0.500081
0.234,234,0.500076
0.235,235,0.500071
0.236,236,0.500066
0.237,237,0.500061
0.238,238,0.500055
0.239,239,0.50005
0.24,240,0.500045
0.241,241,0.500039
0.242,242,0.500034
0.243,243,0.500029
0.244,244,0.500023
0.245,245,0.500018
0.246,246,0.500013
0.247,247,0.500008
0.248,248,0.500003
0.249,249,0.499998
0.25,250,0.499994
0.251,251,0.49999
0.252,252,0.499985
0.253,253,0.499982
0.254,254,0.499978
0.255,255,0.499974
0.256,256,0.499971
0.257,257,0.499968
0.258,258,0.499965
0.259,259,0.499963
0.26,260,0.499961
0.261,261,0.499959
0.262,262,0.499957
0.263,263,0.499956
0.264,264,0.499954
0.265,265,0.499954
0.266,266,0.499953
0.267,267,0.499953
0.268,268,0.499952
0.269,269,0.499953
0.27,270,0.499953
0.271,271,0.499953
0.272,272,0.499954
0.273,273,0.499955
0.274,274,0.499956
0.275,275,0.499958
0.276,276,0.499959
0.277,277,0.499961
0.278,278,0.499963
0.279,279,0.499965
0.28,280,0.499967
0.281,281,0.49997
0.282,282,0.499972
0.283,283,0.499974
0.284,284,0.499977
0.285,285,0.49998
0.286,286,0.499982
0.287,287,0.499985
0.288,288,0.499988
0.289,289,0.499991
0.29,290,0.499993
0.291,291,0.499996
0.292,292,0.499999
0.293,293,0.500001
0.294,294,0.500004
0.295,295,0.500007
0.296,296,0.500009
0.297,297,0.500012
0.298,298,0.500014
0.299,299,0.500016
0.3,300,0.500019
0.301,301,0.500021
0.302,302,0.500023
0.303,303,0.500025
0.304,304,0.500026
0.305,305,0.500028
0.306,306,0.50003
0.307,307,0.500031
0.308,308,0.500032
0.309,309,0.500033
0.31,310,0.500034
0.311,311,0.500035
0.312,312,0.500036
0.313,313,0.500036
0.314,314,0.500037
0.315,315,0.500037
0.316,316,0.500037
0.317,317,0.500037
0.318,318,0.500037
0.319,319,0.500037
0.32,320,0.500036
0.321,321,0.500036
0.322,322,0.500035
0.323,323,0.500034
0.324,324,0.500034
0.325,325,0.500033
0.326,326,0.500032
0.327,327,0.50003
0.328,328,0.500029
0.329,329,0.500028
0.33,330,0.500027
0.331,331,0.500025
0.332,332,0.500024
0.333,333,0.500023
0.334,334,0.500021
0.335,335,0.50002
0.336,336,0.500018
0.337,337,0.500016
0.338,338,0.500015
0.339,339,0.500013
0.34,340,0.500012
0.341,341,0.50001
0.342,342,0.500009
0.343,343,0.500007
0.344,344,0.500006
0.345,345,0.500004
0.346,346,0.500003
0.347,347,0.500001
0.348,348,0.5
0.349,349,0.499999
0.35,350,0.499998
0.351,351,0.499996
0.352,352,0.499995
0.353,353,0.499994
0.354,354,0.499993
0.355,355,0.499992
0.356,356,0.499991
0.357,357,0.499991
0.358,358,0.49999
0.359,359,0.499989
0.36,360,0.499989
0.361,361,0.499988
0.362,362,0.499988
0.363,363,0.499988
0.364,364,0.499987
0.365,365,0.499987
0.366,366,0.499987
0.367,367,0.499987
0.368,368,0.499987
0.369,369,0.499987
0.37,370,0.499987
0.371,371,0.499988
0.372,372,0.499988
0.373,373,0.499988
0.374,374,0.499989
0.375,375,0.499989
0.376,376,0.499989
0.377,377,0.49999
0.378,378,0.499991
0.379,379,0.499991
0.38,380,0.499992
0.381,381,0.499992
0.382,382,0.499993
0.383,383,0.499994
0.384,384,0.499994
0.385,385,0.499995
0.386,386,0.499996
0.387,387,0.499997
0.388,388,0.499997
0.389,389,0.499998
0.39,390,0.499999
0.391,391,0.499999
0.392,392,0.5
0.393,393,0.500001
0.394,394,0.500001
0.395,395,0.500002
0.396,396,0.500003
0.397,397,0.500003
0.398,398,0.500004
0.399,399,0.500004
0.4,400,0.500005
0.401,401,0.500005
0.402,402,0.500006
0.403,403,0.500006
0.404,404,0.500007
0.405,405,0.500007
0.406,406,0.500007
0.407,407,0.500008
0.408,408,0.500008
0.409,409,0.500008
0.41,410,0.500008
0.411,411,0.500008
0.412,412,0.500008
0.413,413,0.500008
0.414,414,0.500008
0.415,415,0.500008
0.416,416,0.500008
0.417,417,0.500008
0.418,418,0.500008
0.419,419,0.500008
0.42,420,0.500008
0.421,421,0.500007
0.422,422,0.500007
0.423,423,0.500007
0.424,424,0.500007
0.425,425,0.500006
0.426,426,0.500006
0.427,427,0.500005
0.428,428,0.500005
0.429,429,0.500005
0.43,430,0.500004
0.431,431,0.500004
0.432,432,0.500003
0.433,433,0.500003
0.434,434,0.500002
0.435,435,0.500002
0.436,436,0.500001
0.437,437,0.500001
0.438,438,0.5
0.439,439,0.5
0.44,440,0.499999
0.441,441,0.499999
0.442,442,0.499999
0.443,443,0.499998
0.444,444,0.499998
0.445,445,0.499997
0.446,446,0.499997
0.447,447,0.499996
0.448,448,0.499996
0.449,449,0.499996
0.45,450,0.499995
0.451,451,0.499995
0.452,452,0.499995
0.453,453,0.499994
0.454,454,0.499994
0.455,455,0.499994
0.456,456,0.499994
0.457,457,0.499993
0.458,458,0.499993
0.459,459,0.499993
0.46,460,0.499993
0.461,461,0.499993
0.462,462,0.499993
0.463,463,0.499992
0.464,464,0.499992
0.465,465,0.499992
0.466,466,0.499992
0.467,467,0.499992
0.468,468,0.499992
0.469,469,0.499992
0.47,470,0.499992
0.471,471,0.499992
0.472,472,0.499992
0.473,473,0.499993
0.474,474,0.499993
0.475,475,0.499993
0.476,476,0.499993
0.477,477,0.499993
0.478,478,0.499993
0.479,479,0.499993
0.48,480,0.499993
0.481,481,0.499994
0.482,482,0.499994
0.483,483,0.499994
0.484,484,0.499994
0.485,485,0.499994
0.486,486,0.499994
0.487,487,0.499995
0.488,488,0.499995
0.489,489,0.499995
0.49,490,0.499995
0.491,491,0.499995
0.492,492,0.499995
0.493,493,0.499996
0.494,494,0.499996
0.495,495,0.499996
0.496,496,0.499996
0.497,497,0.499996
0.498,498,0.499996
0.499,499,0.499996
0.5,500,0.499996
0.501,501,0.499997
0.502,502,0.499997
0.503,503,0.499997
0.504,504,0.499997
0.505,505,0.499997
0.506,506,0.499997
0.507,507,0.499997
0.508,508,0.499997
0.509,509,0.499997
0.51,510,0.499997
0.511,511,0.499997
0.512,512,0.499997
0.513,513,0.499997
0.514,514,0.499997
0.515,515,0.499997
0.516,516,0.499997
0.517,517,0.499997
0.518,518,0.499997
0.519,519,0.499996
0.52,520,0.499996
0.521,521,0.499996
0.522,522,0.499996
0.523,523,0.499996
0.524,524,0.499996
0.525,525,0.499996
0.526,526,0.499996
0.527,527,0.499995
0.528,528,0.499995
0.529,529,0.499995
0.53,530,0.499995
0.531,531,0.499995
0.532,532,0.499995
0.533,533,0.499995
0.534,534,0.499994
0.535,535,0.499994
0.536,536,0.499994
0.537,537,0.499994
0.538,538,0.499994
0.539,539,0.499994
0.54,540,0.499993
0.541,541,0.499993
0.542,542,0.499993
0.543,543,0.499993
0.544,544,0.499993
0.545,545,0.499993
0.546,546,0.499993
0.547,547,0.499993
0.548,548,0.499992
0.549,549,0.499992
0.55,550,0.499992
0.551,551,0.499992
0.552,552,0.499992
0.553,553,0.499992
0.554,554,0.499992
0.555,555,0.499992
0.556,556,0.499992
0.557,557,0.499992
0.558,558,0.499992
0.559,559,0.499992
0.56,560,0.499991
0.561,561,0.499991
0.562,562,0.499991
0.563,563,0.499991
0.564,564,0.499991
0.565,565,0.499991
0.566,566,0.499991
0.567,567,0.499991
0.568,568,0.499991
0.569,569,0.499991
0.57,570,0.499991
0.571,571,0.499991
0.572,572,0.499991
0.573,573,0.499991
0.574,574,0.499991
0.575,575,0.499991
0.576,576,0.499991
0.577,577,0.499991
0.578,578,0.499991
0.579,579,0.499992
0.58,580,0.499992
0.581,581,0.499992
0.582,582,0.499992
0.583,583,0.499992
0.584,584,0.499992
0.585,585,0.499992
0.586,586,0.499992
0.587,587,0.499992
0.588,588,0.499992
0.589,589,0.499992
0.59,590,0.499992
0.591,591,0.499992
0.592,592,0.499992
0.593,593,0.499992
0.594,594,0.499992
0.595,595,0.499992
0.596,596,0.499992
0.597,597,0.499992
0.598,598,0.499992
0.599,599,0.499992
0.6,600,0.499992
0.601,601,0.499992
0.602,602,0.499992
0.603,603,0.499992
0.604,604,0.499992
0.605,605,0.499992
0.606,606,0.499992
0.607,607,0.499992
0.608,608,0.499992
0.609,609,0.499992
0.61,610,0.499992
0.611,611,0.499992
0.612,612,0.499992
0.613,613,0.499992
0.614,614,0.499992
0.615,615,0.499992
0.616,616,0.499992
0.617,617,0.499992
0.618,618,0.499992
0.619,619,0.499992
0.62,620,0.499992
0.621,621,0.499992
0.622,622,0.499992
0.623,623,0.499992
0.624,624,0.499992
0.625,625,0.499992
0.626,626,0.499992
0.627,627,0.499992
0.628,628,0.499992
0.629,629,0.499992
0.63,630,0.499992
0.631,631,0.499992
0.632,632,0.499992
0.633,633,0.499992
0.634,634,0.499992
0.635,635,0.499992
0.636,636,0.499991
0.637,637,0.499991
0.638,638,0.499991
0.639,639,0.499991
0.64,640,0.499991
0.641,641,0.499991
0.642,642,0.499991
0.643,643,0.499991
0.644,644,0.499991
0.645,645,0.499991
0.646,646,0.499991
0.647,647,0.499991
0.648,648,0.499991
0.649,649,0.499991
0.65,650,0.499991
0.651,651,0.499991
0.652,652,0.499991
0.653,653,0.499991
0.654,654,0.499991
0.655,655,0.499991
0.656,656,0.499991
0.657,657,0.499991
0.658,658,0.499991
0.659,659,0.499991
0.66,660,0.499991
0.661,661,0.499991
0.662,662,0.499991
0.663,663,0.499991
0.664,664,0.499991
0.665,665,0.499991
0.666,666,0.499991
0.667,667,0.499991
0.668,668,0.499991
0.669,669,0.499991
0.67,670,0.499991
0.671,671,0.499991
0.672,672,0.499991
0.673,673,0.499991
0.674,674,0.499991
0.675,675,0.499991
0.676,676,0.499991
0.677,677,0.499991
0.678,678,0.499991
0.679,679,0.499991
0.68,680,0.499991
0.681,681,0.499991
0.682,682,0.499991
0.683,683,0.499991
0.684,684,0.499991
0.685,685,0.499991
0.686,686,0.499991
0.687,687,0.499991
0.688,688,0.499991
0.689,689,0.499992
0.69,690,0.499992
0.691,691,0.499992
0.692,692,0.499992
0.693,693,0.499992
0.694,694,0.499992
0.695,695,0.499992
0.696,696,0.499992
0.697,697,0.499992
0.698,698,0.499992
0.699,699,0.499992
0.7,700,0.499992
0.701,701,0.499992
0.702,702,0.499992
0.703,703,0.499992
0.704,704,0.499992
0.705,705,0.499992
0.706,706,0.499992
0.707,707,0.499992
0.708,708,0.499992
0.709,709,0.499992
0.71,710,0.499992
0.711,711,0.499992
0.712,712,0.499992
0.713,713,0.499992
0.714,714,0.499992
0.715,715,0.499992
0.716,716,0.499992
0.717,717,0.499992
0.718,718,0.499992
0.719,719,0.499992
0.72,720,0.499992
0.721,721,0.499992
0.722,722,0.499992
0.723,723,0.499992
0.724,724,0.499992
0.725,725,0.499992
0.726,726,0.499992
0.727,727,0.499992
0.728,728,0.499992
0.729,729,0.499992
0.73,730,0.499992
0.731,731,0.499992
0.732,732,0.499992
0.733,733,0.499992
0.734,734,0.499992
0.735,735,0.499992
0.736,736,0.499992
0.737,737,0.499992
0.738,738,0.499992
0.739,739,0.499992
0.74,740,0.499992
0.741,741,0.499992
0.742,742,0.499992
0.743,743,0.499992
0.744,744,0.499992
0.745,745,0.499992
0.746,746,0.499992
0.747,747,0.499992
0.748,748,0.499992
0.749,749,0.499992
0.75,750,0.499993
0.751,751,0.499993
0.752,752,0.499993
0.753,753,0.499993
0.754,754,0.499993
0.755,755,0.499993
0.756,756,0.499993
0.757,757,0.499993
0.758,758,0.499993
0.759,759,0.499993
0.76,760,0.499993
0.761,761,0.499993
0.762,762,0.499993
0.763,763,0.499993
0.764,764,0.499993
0.765,765,0.499993
0.766,766,0.499993
0.767,767,0.499993
0.768,768,0.499993
0.769,769,0.499993
0.77,770,0.499993
0.771,771,0.499993
0.772,772,0.499993
0.773,773,0.499993
0.774,774,0.499993
0.775,775,0.499993
0.776,776,0.499993
0.777,777,0.499993
0.778,778,0.499993
0.779,779,0.499993
0.78,780,0.499993
0.781,781,0.499993
0.782,782,0.499993
0.783,783,0.499993
0.784,784,0.499994
0.785,785,0.499994
0.786,786,0.499994
0.787,787,0.499994
0.788,788,0.499994
0.789,789,0.499994
0.79,790,0.499994
0.791,791,0.499994
0.792,792,0.499994
0.793,793,0.499994
0.794,794,0.499994
0.795,795,0.499994
0.796,796,0.499994
0.797,797,0.499994
0.798,798,0.499994
0.799,799,0.499994
0.8,800,0.499994
0.801,801,0.499994
0.802,802,0.499994
0.803,803,0.499994
0.804,804,0.499994
0.805,805,0.499994
0.806,806,0.499994
0.807,807,0.499994
0.808,808,0.499994
0.809,809,0.499994
0.81,810,0.499994
0.811,811,0.499994
0.812,812,0.499995
0.813,813,0.499995
0.814,814,0.499995
0.815,815,0.499995
0.816,816,0.499995
0.817,817,0.499995
0.818,818,0.499995
0.819,819,0.499995
0.82,820,0.499995
0.821,821,0.499995
0.822,822,0.499995
0.823,823,0.499995
0.824,824,0.499995
0.825,825,0.499995
0.826,826,0.499995
0.827,827,0.499995
0.828,828,0.499995
0.829,829,0.499995
0.83,830,0.499995
0.831,831,0.499995
0.832,832,0.499995
0.833,833,0.499995
0.834,834,0.499995
0.835,835,0.499995
0.836,836,0.499995
0.837,837,0.499995
0.838,838,0.499995
0.839,839,0.499995
0.84,840,0.499995
0.841,841,0.499995
0.842,842,0.499996
0.843,843,0.499996
0.844,844,0.499996
0.845,845,0.499996
0.846,846,0.499996
0.847,847,0.499996
0.848,848,0.499996
0.849,849,0.499996
0.85,850,0.499996
0.851,851,0.499996
0.852,852,0.499996
0.853,853,0.499996
0.854,854,0.499996
0.855,855,0.499996
0.856,856,0.499996
0.857,857,0.499996
0.858,858,0.499996
0.859,859,0.499996
0.86,860,0.499996
0.861,861,0.499996
0.862,862,0.499996
0.863,863,0.499996
0.864,864,0.499996
0.865,865,0.499996
0.866,866,0.499996
0.867,867,0.499996
0.868,868,0.499997
0.869,869,0.499997
0.87,870,0.499997
0.871,871,0.499997
0.872,872,0.499997
0.873,873,0.499997
0.874,874,0.499997
0.875,875,0.499997
0.876,876,0.499997
0.877,877,0.499997
0.878,878,0.499997
0.879,879,0.499997
0.88,880,0.499997
0.881,881,0.499997
0.882,882,0.499997
0.883,883,0.499997
0.884,884,0.499997
0.885,885,0.499997
0.886,886,0.499997
0.887,887,0.499997
0.888,888,0.499997
0.889,889,0.499997
0.89,890,0.499997
0.891,891,0.499997
0.892,892,0.499997
0.893,893,0.499998
0.894,894,0.499998
0.895,895,0.499998
0.896,896,0.499998
0.897,897,0.499998
0.898,898,0.499998
0.899,899,0.499998
0.9,900,0.499998
0.901,901,0.499998
0.902,902,0.499998
0.903,903,0.499998
0.904,904,0.499998
0.905,905,0.499998
0.906,906,0.499998
0.907,907,0.499998
0.908,908,0.499998
0.909,909,0.499998
0.91,910,0.499998
0.911,911,0.499998
0.912,912,0.499998
0.913,913,0.499998
0.914,914,0.499998
0.915,915,0.499998
0.916,916,0.499998
0.917,917,0.499998
0.918,918,0.499999
0.919,919,0.499999
0.92,920,0.499999
0.921,921,0.499999
0.922,922,0.499999
0.923,923,0.499999
0.924,924,0.499999
0.925,925,0.499999
0.926,926,0.499999
0.927,927,0.499999
0.928,928,0.499999
0.929,929,0.499999
0.93,930,0.499999
0.931,931,0.499999
0.932,932,0.499999
0.933,933,0.499999
0.934,934,0.499999
0.935,935,0.499999
0.936,936,0.499999
0.937,937,0.499999
0.938,938,0.499999
0.939,939,0.499999
0.94,940,0.499999
0.941,941,0.499999
0.942,942,0.499999
0.943,943,0.499999
0.944,944,0.5
0.945,945,0.5
0.946,946,0.5
0.947,947,0.5
0.948,948,0.5
0.949,949,0.5
0.95,950,0.5
0.951,951,0.5
0.952,952,0.5
0.953,953,0.5
0.954,954,0.5
0.955,955,0.5
0.956,956,0.5
0.957,957,0.5
0.958,958,0.5
0.959,959,0.5
0.96,960,0.5
0.961,961,0.5
0.962,962,0.5
0.963,963,0.5
0.964,964,0.5
0.965,965,0.5
0.966,966,0.5
0.967,967,0.5
0.968,968,0.5
0.969,969,0.5
0.97,970,0.5
0.971,971,0.500001
0.972,972,0.500001
0.973,973,0.500001
0.974,974,0.500001
0.975,975,0.500001
0.976,976,0.500001
0.977,977,0.500001
0.978,978,0.500001
0.979,979,0.500001
0.98,980,0.500001
0.981,981,0.500001
0.982,982,0.500001
0.983,983,0.500001
0.984,984,0.500001
0.985,985,0.500001
0.986,986,0.500001
0.987,987,0.500001
0.988,988,0.500001
0.989,989,0.500001
0.99,990,0.500001
0.991,991,0.500001
0.992,992,0.500001
0.993,993,0.500001
0.994,994,0.500001
0.995,995,0.500001
0.996,996,0.500001
0.997,997,0.500001
0.998,998,0.500001
0.999,999,0.500001
1,1000,0.500002
1.001,1001,0.500003
1.002,1002,0.500025
1.003,1003,0.500087
1.004,1004,0.500211
1.005,1005,0.500415
1.006,1006,0.500714
1.007,1007,0.501123
1.008,1008,0.501654
1.009,1009,0.502317
1.01,1010,0.503121
1.011,1011,0.504074
1.012,1012,0.505179
1.013,1013,0.506441
1.014,1014,0.507863
1.015,1015,0.509444
1.016,1016,0.511185
1.017,1017,0.513083
1.018,1018,0.515136
1.019,1019,0.51734
1.02,1020,0.519689
1.021,1021,0.522177
1.022,1022,0.524798
1.023,1023,0.527543
1.024,1024,0.530404
1.025,1025,0.533372
1.026,1026,0.536438
1.027,1027,0.539591
1.028,1028,0.54282
1.029,1029,0.546115
1.03,1030,0.549464
1.031,1031,0.552857
1.032,1032,0.556281
1.033,1033,0.559725
1.034,1034,0.563178
1.035,1035,0.566627
1.036,1036,0.570062
1.037,1037,0.573472
1.038,1038,0.576845
1.039,1039,0.58017
1.04,1040,0.583438
1.041,1041,0.586639
1.042,1042,0.589762
1.043,1043,0.592799
1.044,1044,0.59574
1.045,1045,0.598579
1.046,1046,0.601307
1.047,1047,0.603918
1.048,1048,0.606404
1.049,1049,0.608761
1.05,1050,0.610982
1.051,1051,0.613064
1.052,1052,0.615002
1.053,1053,0.616793
1.054,1054,0.618435
1.055,1055,0.619924
1.056,1056,0.621261
1.057,1057,0.622445
1.058,1058,0.623474
1.059,1059,0.62435
1.06,1060,0.625074
1.061,1061,0.625647
1.062,1062,0.626071
1.063,1063,0.62635
1.064,1064,0.626487
1.065,1065,0.626484
1.066,1066,0.626347
1.067,1067,0.62608
1.068,1068,0.625688
1.069,1069,0.625177
1.07,1070,0.624552
1.071,1071,0.623819
1.072,1072,0.622984
1.073,1073,0.622055
1.074,1074,0.621038
1.075,1075,0.619939
1.076,1076,0.618767
1.077,1077,0.617528
1.078,1078,0.616229
1.079,1079,0.614879
1.08,1080,0.613484
1.081,1081,0.612051
1.082,1082,0.610589
1.083,1083,0.609103
1.084,1084,0.607603
1.085,1085,0.606094
1.086,1086,0.604583
1.087,1087,0.603077
1.088,1088,0.601583
1.089,1089,0.600106
1.09,1090,0.598654
1.091,1091,0.597231
1.092,1092,0.595844
1.093,1093,0.594497
1.094,1094,0.593195
1.095,1095,0.591943
1.096,1096,0.590745
1.097,1097,0.589605
1.098,1098,0.588527
1.099,1099,0.587514
1.1,1100,0.586569
1.101,1101,0.585693
1.102,1102,0.58489
1.103,1103,0.584161
1.104,1104,0.583508
1.105,1105,0.582931
1.106,1106,0.582431
1.107,1107,0.582009
1.108,1108,0.581665
1.109,1109,0.581398
1.11,1110,0.581208
1.111,1111,0.581093
1.112,1112,0.581053
1.113,1113,0.581086
1.114,1114,0.581191
1.115,1115,0.581365
1.116,1116,0.581605
1.117,1117,0.58191
1.118,1118,0.582277
1.119,1119,0.582703
1.12,1120,0.583184
1.121,1121,0.583719
1.122,1122,0.584302
1.123,1123,0.584931
1.124,1124,0.585602
1.125,1125,0.586312
1.126,1126,0.587056
1.127,1127,0.587831
1.128,1128,0.588633
1.129,1129,0.589459
1.13,1130,0.590304
1.131,1131,0.591164
1.132,1132,0.592036
1.133,1133,0.592916
1.134,1134,0.593801
1.135,1135,0.594686
1.136,1136,0.595569
1.137,1137,0.596445
1.138,1138,0.597311
1.139,1139,0.598165
1.14,1140,0.599003
1.141,1141,0.599823
1.142,1142,0.600621
1.143,1143,0.601395
1.144,1144,0.602142
1.145,1145,0.602861
1.146,1146,0.603549
1.147,1147,0.604205
1.148,1148,0.604826
1.149,1149,0.605411
1.15,1150,0.605959
1.151,1151,0.606469
1.152,1152,0.606939
1.153,1153,0.607369
1.154,1154,0.607758
1.155,1155,0.608107
1.156,1156,0.608414
1.157,1157,0.60868
1.158,1158,0.608905
1.159,1159,0.609089
1.16,1160,0.609233
1.161,1161,0.609337
1.162,1162,0.609402
1.163,1163,0.609429
1.164,1164,0.609419
1.165,1165,0.609374
1.166,1166,0.609294
1.167,1167,0.609181
1.168,1168,0.609036
1.169,1169,0.608862
1.17,1170,0.60866
1.171,1171,0.608431
1.172,1172,0.608178
1.173,1173,0.607902
1.174,1174,0.607605
1.175,1175,0.607289
1.176,1176,0.606957
1.177,1177,0.60661
1.178,1178,0.606251
1.179,1179,0.605881
1.18,1180,0.605502
1.181,1181,0.605116
1.182,1182,0.604726
1.183,1183,0.604334
1.184,1184,0.60394
1.185,1185,0.603548
1.186,1186,0.603159
1.187,1187,0.602774
1.188,1188,0.602396
1.189,1189,0.602026
1.19,1190,0.601665
1.191,1191,0.601316
1.192,1192,0.600979
1.193,1193,0.600655
1.194,1194,0.600347
1.195,1195,0.600054
1.196,1196,0.599779
1.197,1197,0.599521
1.198,1198,0.599283
1.199,1199,0.599063
1.2,1200,0.598864
1.201,1201,0.598686
1.202,1202,0.598528
1.203,1203,0.598392
1.204,1204,0.598277
1.205,1205,0.598184
1.206,1206,0.598113
1.207,1207,0.598063
1.208,1208,0.598035
1.209,1209,0.598028
1.21,1210,0.598042
1.211,1211,0.598076
1.212,1212,0.598131
1.213,1213,0.598205
1.214,1214,0.598298
1.215,1215,0.598408
1.216,1216,0.598537
1.217,1217,0.598682
1.218,1218,0.598842
1.219,1219,0.599018
1.22,1220,0.599207
1.221,1221,0.59941
1.222,1222,0.599624
1.223,1223,0.599849
1.224,1224,0.600084
1.225,1225,0.600328
1.226,1226,0.60058
1.227,1227,0.600838
1.228,1228,0.601102
1.229,1229,0.601371
1.23,1230,0.601643
1.231,1231,0.601917
1.232,1232,0.602193
1.233,1233,0.602469
1.234,1234,0.602744
1.235,1235,0.603018
1.236,1236,0.603289
1.237,1237,0.603556
1.238,1238,0.60382
1.239,1239,0.604078
1.24,1240,0.60433
1.241,1241,0.604576
1.242,1242,0.604814
1.243,1243,0.605044
1.244,1244,0.605266
1.245,1245,0.605478
1.246,1246,0.605681
1.247,1247,0.605874
1.248,1248,0.606056
1.249,1249,0.606227
1.25,1250,0.606387
1.251,1251,0.606536
1.252,1252,0.606674
1.253,1253,0.6068
1.254,1254,0.606914
1.255,1255,0.607016
1.256,1256,0.607107
1.257,1257,0.607186
1.258,1258,0.607254
1.259,1259,0.607311
1.26,1260,0.607356
1.261,1261,0.60739
1.262,1262,0.607414
1.263,1263,0.607428
1.264,1264,0.607431
1.265,1265,0.607426
1.266,1266,0.607411
1.267,1267,0.607387
1.268,1268,0.607355
1.269,1269,0.607316
1.27,1270,0.607269
1.271,1271,0.607216
1.272,1272,0.607157
1.273,1273,0.607092
1.274,1274,0.607022
1.275,1275,0.606948
1.276,1276,0.60687
1.277,1277,0.606788
1.278,1278,0.606704
1.279,1279,0.606618
1.28,1280,0.60653
1.281,1281,0.606441
1.282,1282,0.606351
1.283,1283,0.606262
1.284,1284,0.606173
1.285,1285,0.606085
1.286,1286,0.605999
1.287,1287,0.605914
1.288,1288,0.605832
1.289,1289,0.605753
1.29,1290,0.605677
1.291,1291,0.605604
1.292,1292,0.605535
1.293,1293,0.605471
1.294,1294,0.605411
1.295,1295,0.605356
1.296,1296,0.605306
1.297,1297,0.605261
1.298,1298,0.605222
1.299,1299,0.605188
1.3,1300,0.60516
1.301,1301,0.605137
1.302,1302,0.605121
1.303,1303,0.60511
1.304,1304,0.605105
1.305,1305,0.605107
1.306,1306,0.605113
1.307,1307,0.605126
1.308,1308,0.605145
1.309,1309,0.605169
1.31,1310,0.605198
1.311,1311,0.605233
1.312,1312,0.605273
1.313,1313,0.605318
1.314,1314,0.605367
1.315,1315,0.605422
1.316,1316,0.60548
1.317,1317,0.605543
1.318,1318,0.605609
1.319,1319,0.605679
1.32,1320,0.605752
1.321,1321,0.605828
1.322,1322,0.605906
1.323,1323,0.605988
1.324,1324,0.606071
1.325,1325,0.606155
1.326,1326,0.606242
1.327,1327,0.606329
1.328,1328,0.606418
1.329,1329,0.606507
1.33,1330,0.606596
1.331,1331,0.606685
1.332,1332,0.606774
1.333,1333,0.606862
1.334,1334,0.60695
1.335,1335,0.607036
1.336,1336,0.607121
1.337,1337,0.607205
1.338,1338,0.607286
1.339,1339,0.607366
1.34,1340,0.607444
1.341,1341,0.607519
1.342,1342,0.607592
1.343,1343,0.607661
1.344,1344,0.607728
1.345,1345,0.607793
1.346,1346,0.607854
1.347,1347,0.607911
1.348,1348,0.607966
1.349,1349,0.608017
1.35,1350,0.608065
1.351,1351,0.60811
1.352,1352,0.60815
1.353,1353,0.608188
1.354,1354,0.608222
1.355,1355,0.608253
1.356,1356,0.60828
1.357,1357,0.608304
1.358,1358,0.608324
1.359,1359,0.608342
1.36,1360,0.608356
1.361,1361,0.608367
1.362,1362,0.608375
1.363,1363,0.60838
1.364,1364,0.608383
1.365,1365,0.608383
1.366,1366,0.60838
1.367,1367,0.608375
1.368,1368,0.608368
1.369,1369,0.608359
1.37,1370,0.608347
1.371,1371,0.608334
1.372,1372,0.60832
1.373,1373,0.608304
1.374,1374,0.608286
1.375,1375,0.608268
1.376,1376,0.608248
1.377,1377,0.608228
1.378,1378,0.608207
1.379,1379,0.608186
1.38,1380,0.608164
1.381,1381,0.608142
1.382,1382,0.60812
1.383,1383,0.608098
1.384,1384,0.608076
1.385,1385,0.608054
1.386,1386,0.608033
1.387,1387,0.608013
1.388,1388,0.607993
1.389,1389,0.607974
1.39,1390,0.607956
1.391,1391,0.607939
1.392,1392,0.607923
1.393,1393,0.607908
1.394,1394,0.607895
1.395,1395,0.607882
1.396,1396,0.607871
1.397,1397,0.607862
1.398,1398,0.607854
1.399,1399,0.607847
1.4,1400,0.607841
1.401,1401,0.607838
1.402,1402,0.607835
1.403,1403,0.607834
1.404,1404,0.607835
1.405,1405,0.607837
1.406,1406,0.607841
1.407,1407,0.607845
1.408,1408,0.607852
1.409,1409,0.607859
1.41,1410,0.607868
1.411,1411,0.607878
1.412,1412,0.60789
1.413,1413,0.607902
1.414,1414,0.607916
1.415,1415,0.60793
1.416,1416,0.607945
1.417,1417,0.607962
1.418,1418,0.607979
1.419,1419,0.607996
1.42,1420,0.608015
1.421,1421,0.608034
1.422,1422,0.608053
1.423,1423,0.608072
1.424,1424,0.608092
1.425,1425,0.608112
1.426,1426,0.608133
1.427,1427,0.608153
1.428,1428,0.608173
1.429,1429,0.608193
1.43,1430,0.608213
1.431,1431,0.608232
1.432,1432,0.608251
1.433,1433,0.60827
1.434,1434,0.608288
1.435,1435,0.608306
1.436,1436,0.608323
1.437,1437,0.608339
1.438,1438,0.608355
1.439,1439,0.608369
1.44,1440,0.608383
1.441,1441,0.608396
1.442,1442,0.608408
1.443,1443,0.608419
1.444,1444,0.608429
1.445,1445,0.608438
1.446,1446,0.608446
1.447,1447,0.608453
1.448,1448,0.608459
1.449,1449,0.608464
1.45,1450,0.608467
1.451,1451,0.60847
1.452,1452,0.608471
1.453,1453,0.608472
1.454,1454,0.608471
1.455,1455,0.608469
1.456,1456,0.608466
1.457,1457,0.608462
1.458,1458,0.608457
1.459,1459,0.608451
1.46,1460,0.608444
1.461,1461,0.608436
1.462,1462,0.608427
1.463,1463,0.608417
1.464,1464,0.608406
1.465,1465,0.608395
1.466,1466,0.608383
1.467,1467,0.60837
1.468,1468,0.608356
1.469,1469,0.608342
1.47,1470,0.608327
1.471,1471,0.608312
1.472,1472,0.608296
1.473,1473,0.608279
1.474,1474,0.608262
1.475,1475,0.608245
1.476,1476,0.608228
1.477,1477,0.60821
1.478,1478,0.608192
1.479,1479,0.608174
1.48,1480,0.608155
1.481,1481,0.608137
1.482,1482,0.608118
1.483,1483,0.6081
1.484,1484,0.608081
1.485,1485,0.608063
1.486,1486,0.608044
1.487,1487,0.608026
1.488,1488,0.608007
1.489,1489,0.607989
1.49,1490,0.607971
1.491,1491,0.607954
1.492,1492,0.607936
1.493,1493,0.607919
1.494,1494,0.607902
1.495,1495,0.607885
1.496,1496,0.607868
1.497,1497,0.607852
1.498,1498,0.607836
1.499,1499,0.607821
1.5,1500,0.607805
1.501,1501,0.60779
1.502,1502,0.607776
1.503,1503,0.607761
1.504,1504,0.607747
1.505,1505,0.607733
1.506,1506,0.60772
1.507,1507,0.607706
1.508,1508,0.607693
1.509,1509,0.607681
1.51,1510,0.607668
1.511,1511,0.607656
1.512,1512,0.607644
1.513,1513,0.607632
1.514,1514,0.60762
1.515,1515,0.607608
1.516,1516,0.607597
1.517,1517,0.607585
1.518,1518,0.607574
1.519,1519,0.607563
1.52,1520,0.607551
1.521,1521,0.60754
1.522,1522,0.607529
1.523,1523,0.607517
1.524,1524,0.607506
1.525,1525,0.607495
1.526,1526,0.607483
1.527,1527,0.607471
1.528,1528,0.60746
1.529,1529,0.607448
1.53,1530,0.607435
1.531,1531,0.607423
1.532,1532,0.60741
1.533,1533,0.607398
1.534,1534,0.607384
1.535,1535,0.607371
1.536,1536,0.607357
1.537,1537,0.607343
1.538,1538,0.607329
1.539,1539,0.607315
1.54,1540,0.6073
1.541,1541,0.607284
1.542,1542,0.607269
1.543,1543,0.607253
1.544,1544,0.607236
1.545,1545,0.607219
1.546,1546,0.607202
1.547,1547,0.607185
1.548,1548,0.607167
1.549,1549,0.607148
1.55,1550,0.60713
1.551,1551,0.607111
1.552,1552,0.607091
1.553,1553,0.607071
1.554,1554,0.607051
1.555,1555,0.607031
1.556,1556,0.60701
1.557,1557,0.606988
1.558,1558,0.606967
1.559,1559,0.606945
1.56,1560,0.606923
1.561,1561,0.6069
1.562,1562,0.606877
1.563,1563,0.606854
1.564,1564,0.60683
1.565,1565,0.606807
1.566,1566,0.606783
1.567,1567,0.606758
1.568,1568,0.606734
1.569,1569,0.606709
1.57,1570,0.606684
1.571,1571,0.606659
1.572,1572,0.606634
1.573,1573,0.606609
1.574,1574,0.606583
1.575,1575,0.606558
1.576,1576,0.606532
1.577,1577,0.606506
1.578,1578,0.60648
1.579,1579,0.606454
1.58,1580,0.606428
1.581,1581,0.606401
1.582,1582,0.606375
1.583,1583,0.606349
1.584,1584,0.606322
1.585,1585,0.606296
1.586,1586,0.60627
1.587,1587,0.606243
1.588,1588,0.606217
1.589,1589,0.606191
1.59,1590,0.606164
1.591,1591,0.606138
1.592,1592,0.606112
1.593,1593,0.606086
1.594,1594,0.606059
1.595,1595,0.606033
1.596,1596,0.606007
1.597,1597,0.605981
1.598,1598,0.605955
1.599,1599,0.605929
1.6,1600,0.605903
1.601,1601,0.605877
1.602,1602,0.605851
1.603,1603,0.605826
1.604,1604,0.6058
1.605,1605,0.605774
1.606,1606,0.605749
1.607,1607,0.605723
1.608,1608,0.605698
1.609,1609,0.605672
1.61,1610,0.605647
1.611,1611,0.605621
1.612,1612,0.605596
1.613,1613,0.605571
1.614,1614,0.605545
1.615,1615,0.60552
1.616,1616,0.605495
1.617,1617,0.605469
1.618,1618,0.605444
1.619,1619,0.605418
1.62,1620,0.605393
1.621,1621,0.605368
1.622,1622,0.605342
1.623,1623,0.605317
1.624,1624,0.605291
1.625,1625,0.605266
1.626,1626,0.60524
1.627,1627,0.605214
1.628,1628,0.605189
1.629,1629,0.605163
1.63,1630,0.605137
1.631,1631,0.605111
1.632,1632,0.605085
1.633,1633,0.605059
1.634,1634,0.605033
1.635,1635,0.605007
1.636,1636,0.60498
1.637,1637,0.604954
1.638,1638,0.604927
1.639,1639,0.604901
1.64,1640,0.604874
1.641,1641,0.604847
1.642,1642,0.60482
1.643,1643,0.604793
1.644,1644,0.604766
1.645,1645,0.604739
1.646,1646,0.604711
1.647,1647,0.604684
1.648,1648,0.604656
1.649,1649,0.604629
1.65,1650,0.604601
1.651,1651,0.604573
1.652,1652,0.604545
1.653,1653,0.604517
1.654,1654,0.604489
1.655,1655,0.604461
1.656,1656,0.604433
1.657,1657,0.604404
1.658,1658,0.604376
1.659,1659,0.604347
1.66,1660,0.604319
1.661,1661,0.60429
1.662,1662,0.604261
1.663,1663,0.604232
1.664,1664,0.604204
1.665,1665,0.604175
1.666,1666,0.604146
1.667,1667,0.604117
1.668,1668,0.604088
1.669,1669,0.604059
1.67,1670,0.60403
1.671,1671,0.604001
1.672,1672,0.603971
1.673,1673,0.603942
1.674,1674,0.603913
1.675,1675,0.603884
1.676,1676,0.603855
1.677,1677,0.603826
1.678,1678,0.603797
1.679,1679,0.603767
1.68,1680,0.603738
1.681,1681,0.603709
1.682,1682,0.60368
1.683,1683,0.603651
1.684,1684,0.603622
1.685,1685,0.603593
1.686,1686,0.603564
1.687,1687,0.603535
1.688,1688,0.603506
1.689,1689,0.603478
1.69,1690,0.603449
1.691,1691,0.60342
1.692,1692,0.603391
1.693,1693,0.603363
1.694,1694,0.603334
1.695,1695,0.603306
1.696,1696,0.603277
1.697,1697,0.603249
1.698,1698,0.60322
1.699,1699,0.603192
1.7,1700,0.603164
1.701,1701,0.603135
1.702,1702,0.603107
1.703,1703,0.603079
1.704,1704,0.603051
1.705,1705,0.603023
1.706,1706,0.602995
1.707,1707,0.602968
1.708,1708,0.60294
1.709,1709,0.602912
1.71,1710,0.602884
1.711,1711,0.602857
1.712,1712,0.602829
1.713,1713,0.602802
1.714,1714,0.602774
1.715,1715,0.602747
1.716,1716,0.602719
1.717,1717,0.602692
1.718,1718,0.602665
1.719,1719,0.602638
1.72,1720,0.60261
1.721,1721,0.602583
1.722,1722,0.602556
1.723,1723,0.602529
1.724,1724,0.602502
1.725,1725,0.602475
1.726,1726,0.602448
1.727,1727,0.602422
1.728,1728,0.602395
1.729,1729,0.602368
1.73,1730,0.602341
1.731,1731,0.602314
1.732,1732,0.602288
1.733,1733,0.602261
1.734,1734,0.602235
1.735,1735,0.602208
1.736,1736,0.602182
1.737,1737,0.602155
1.738,1738,0.602129
1.739,1739,0.602102
1.74,1740,0.602076
1.741,1741,0.602049
1.742,1742,0.602023
1.743,1743,0.601997
1.744,1744,0.601971
1.745,1745,0.601945
1.746,1746,0.601918
1.747,1747,0.601892
1.748,1748,0.601866
1.749,1749,0.60184
1.75,1750,0.601814
1.751,1751,0.601788
1.752,1752,0.601763
1.753,1753,0.601737
1.754,1754,0.601711
1.755,1755,0.601685
1.756,1756,0.60166
1.757,1757,0.601634
1.758,1758,0.601608
1.759,1759,0.601583
1.76,1760,0.601557
1.761,1761,0.601532
1.762,1762,0.601507
1.763,1763,0.601481
1.764,1764,0.601456
1.765,1765,0.601431
1.766,1766,0.601406
1.767,1767,0.601381
1.768,1768,0.601356
1.769,1769,0.601331
1.77,1770,0.601306
1.771,1771,0.601282
1.772,1772,0.601257
1.773,1773,0.601232
1.774,1774,0.601208
1.775,1775,0.601184
1.776,1776,0.601159
1.777,1777,0.601135
1.778,1778,0.601111
1.779,1779,0.601087
1.78,1780,0.601063
1.781,1781,0.601039
1.782,1782,0.601015
1.783,1783,0.600992
1.784,1784,0.600968
1.785,1785,0.600944
1.786,1786,0.600921
1.787,1787,0.600898
1.788,1788,0.600875
1.789,1789,0.600851
1.79,1790,0.600828
1.791,1791,0.600806
1.792,1792,0.600783
1.793,1793,0.60076
1.794,1794,0.600738
1.795,1795,0.600715
1.796,1796,0.600693
1.797,1797,0.60067
1.798,1798,0.600648
1.799,1799,0.600626
1.8,1800,0.600604
1.801,1801,0.600582
1.802,1802,0.600561
1.803,1803,0.600539
1.804,1804,0.600517
1.805,1805,0.600496
1.806,1806,0.600475
1.807,1807,0.600453
1.808,1808,0.600432
1.809,1809,0.600411
1.81,1810,0.600391
1.811,1811,0.60037
1.812,1812,0.600349
1.813,1813,0.600329
1.814,1814,0.600308
1.815,1815,0.600288
1.816,1816,0.600268
1.817,1817,0.600247
1.818,1818,0.600227
1.819,1819,0.600207
1.82,1820,0.600188
1.821,1821,0.600168
1.822,1822,0.600148
1.823,1823,0.600129
1.824,1824,0.60011
1.825,1825,0.60009
1.826,1826,0.600071
1.827,1827,0.600052
1.828,1828,0.600033
1.829,1829,0.600014
1.83,1830,0.599996
1.831,1831,0.599977
1.832,1832,0.599959
1.833,1833,0.59994
1.834,1834,0.599922
1.835,1835,0.599904
1.836,1836,0.599886
1.837,1837,0.599868
1.838,1838,0.59985
1.839,1839,0.599832
1.84,1840,0.599814
1.841,1841,0.599797
1.842,1842,0.59978
1.843,1843,0.599762
1.844,1844,0.599745
1.845,1845,0.599728
1.846,1846,0.599711
1.847,1847,0.599694
1.848,1848,0.599677
1.849,1849,0.599661
1.85,1850,0.599644
1.851,1851,0.599628
1.852,1852,0.599612
1.853,1853,0.599595
1.854,1854,0.599579
1.855,1855,0.599563
1.856,1856,0.599548
1.857,1857,0.599532
1.858,1858,0.599516
1.859,1859,0.599501
1.86,1860,0.599486
1.861,1861,0.59947
1.862,1862,0.599455
1.863,1863,0.59944
1.864,1864,0.599425
1.865,1865,0.599411
1.866,1866,0.599396
1.867,1867,0.599381
1.868,1868,0.599367
1.869,1869,0.599353
1.87,1870,0.599339
1.871,1871,0.599325
1.872,1872,0.599311
1.873,1873,0.599297
1.874,1874,0.599283
1.875,1875,0.59927
1.876,1876,0.599256
1.877,1877,0.599243
1.878,1878,0.59923
1.879,1879,0.599217
1.88,1880,0.599204
1.881,1881,0.599191
1.882,1882,0.599179
1.883,1883,0.599166
1.884,1884,0.599154
1.885,1885,0.599142
1.886,1886,0.59913
1.887,1887,0.599118
1.888,1888,0.599106
1.889,1889,0.599094
1.89,1890,0.599083
1.891,1891,0.599071
1.892,1892,0.59906
1.893,1893,0.599049
1.894,1894,0.599038
1.895,1895,0.599027
1.896,1896,0.599016
1.897,1897,0.599005
1.898,1898,0.598995
1.899,1899,0.598984
1.9,1900,0.598974
1.901,1901,0.598964
1.902,1902,0.598954
1.903,1903,0.598944
1.904,1904,0.598934
1.905,1905,0.598925
1.906,1906,0.598915
1.907,1907,0.598906
1.908,1908,0.598896
1.909,1909,0.598887
1.91,1910,0.598878
1.911,1911,0.59887
1.912,1912,0.598861
1.913,1913,0.598852
1.914,1914,0.598844
1.915,1915,0.598836
1.916,1916,0.598827
1.917,1917,0.598819
1.918,1918,0.598812
1.919,1919,0.598804
1.92,1920,0.598796
1.921,1921,0.598789
1.922,1922,0.598781
1.923,1923,0.598774
1.924,1924,0.598767
1.925,1925,0.59876
1.926,1926,0.598753
1.927,1927,0.598746
1.928,1928,0.59874
1.929,1929,0.598733
1.93,1930,0.598727
1.931,1931,0.59872
1.932,1932,0.598714
1.933,1933,0.598708
1.934,1934,0.598703
1.935,1935,0.598697
1.936,1936,0.598691
1.937,1937,0.598686
1.938,1938,0.59868
1.939,1939,0.598675
1.94,1940,0.59867
1.941,1941,0.598665
1.942,1942,0.59866
1.943,1943,0.598656
1.944,1944,0.598651
1.945,1945,0.598647
1.946,1946,0.598642
1.947,1947,0.598638
1.948,1948,0.598634
1.949,1949,0.59863
1.95,1950,0.598626
1.951,1951,0.598623
1.952,1952,0.598619
1.953,1953,0.598616
1.954,1954,0.598612
1.955,1955,0.598609
1.956,1956,0.598606
1.957,1957,0.598603
1.958,1958,0.5986
1.959,1959,0.598598
1.96,1960,0.598595
1.961,1961,0.598593
1.962,1962,0.59859
1.963,1963,0.598588
1.964,1964,0.598586
1.965,1965,0.598584
1.966,1966,0.598582
1.967,1967,0.598581
1.968,1968,0.598579
1.969,1969,0.598578
1.97,1970,0.598576
1.971,1971,0.598575
1.972,1972,0.598574
1.973,1973,0.598573
1.974,1974,0.598572
1.975,1975,0.598571
1.976,1976,0.598571
1.977,1977,0.59857
1.978,1978,0.59857
1.979,1979,0.59857
1.98,1980,0.59857
1.981,1981,0.59857
1.982,1982,0.59857
1.983,1983,0.59857
1.984,1984,0.598571
1.985,1985,0.598571
1.986,1986,0.598572
1.987,1987,0.598573
1.988,1988,0.598574
1.989,1989,0.598575
1.99,1990,0.598576
1.991,1991,0.598577
1.992,1992,0.598578
1.993,1993,0.59858
1.994,1994,0.598581
1.995,1995,0.598583
1.996,1996,0.598585
1.997,1997,0.598587
1.998,1998,0.598589
1.999,1999,0.598591
2,2000,0.598594
2.001,2001,0.598596
2.002,2002,0.598599
2.003,2003,0.598601
2.004,2004,0.598604
2.005,2005,0.598607
2.006,2006,0.59861
2.007,2007,0.598613
2.008,2008,0.598616
2.009,2009,0.59862
2.01,2010,0.598623
2.011,2011,0.598627
2.012,2012,0.59863
2.013,2013,0.598634
2.014,2014,0.598638
2.015,2015,0.598642
2.016,2016,0.598646
2.017,2017,0.59865
2.018,2018,0.598655
2.019,2019,0.598659
2.02,2020,0.598664
2.021,2021,0.598668
2.022,2022,0.598673
2.023,2023,0.598678
2.024,2024,0.598683
2.025,2025,0.598688
2.026,2026,0.598693
2.027,2027,0.598699
2.028,2028,0.598704
2.029,2029,0.59871
2.03,2030,0.598715
2.031,2031,0.598721
2.032,2032,0.598727
2.033,2033,0.598733
2.034,2034,0.598739
2.035,2035,0.598745
2.036,2036,0.598751
2.037,2037,0.598758
2.038,2038,0.598764
2.039,2039,0.598771
2.04,2040,0.598777
2.041,2041,0.598784
2.042,2042,0.598791
2.043,2043,0.598798
2.044,2044,0.598805
2.045,2045,0.598812
2.046,2046,0.598819
2.047,2047,0.598827
2.048,2048,0.598834
2.049,2049,0.598842
2.05,2050,0.598849
2.051,2051,0.598857
2.052,2052,0.598865
2.053,2053,0.598873
2.054,2054,0.598881
2.055,2055,0.598889
2.056,2056,0.598897
2.057,2057,0.598906
2.058,2058,0.598914
2.059,2059,0.598922
2.06,2060,0.598931
2.061,2061,0.59894
2.062,2062,0.598948
2.063,2063,0.598957
2.064,2064,0.598966
2.065,2065,0.598975
2.066,2066,0.598984
2.067,2067,0.598994
2.068,2068,0.599003
2.069,2069,0.599012
2.07,2070,0.599022
2.071,2071,0.599031
2.072,2072,0.599041
2.073,2073,0.599051
2.074,2074,0.59906
2.075,2075,0.59907
2.076,2076,0.59908
2.077,2077,0.59909
2.078,2078,0.5991
2.079,2079,0.599111
2.08,2080,0.599121
2.081,2081,0.599131
2.082,2082,0.599142
2.083,2083,0.599152
2.084,2084,0.599163
2.085,2085,0.599174
2.086,2086,0.599184
2.087,2087,0.599195
2.088,2088,0.599206
2.089,2089,0.599217
2.09,2090,0.599228
2.091,2091,0.599239
2.092,2092,0.599251
2.093,2093,0.599262
2.094,2094,0.599273
2.095,2095,0.599285
2.096,2096,0.599296
2.097,2097,0.599308
2.098,2098,0.59932
2.099,2099,0.599331
2.1,2100,0.599343
2.101,2101,0.599355
2.102,2102,0.599367
2.103,2103,0.599379
2.104,2104,0.599391
2.105,2105,0.599403
2.106,2106,0.599416
2.107,2107,0.599428
2.108,2108,0.59944
2.109,2109,0.599453
2.11,2110,0.599465
2.111,2111,0.599478
2.112,2112,0.59949
2.113,2113,0.599503
2.114,2114,0.599516
2.115,2115,0.599529
2.116,2116,0.599542
2.117,2117,0.599555
2.118,2118,0.599568
2.119,2119,0.599581
2.12,2120,0.599594
2.121,2121,0.599607
2.122,2122,0.59962
2.123,2123,0.599633
2.124,2124,0.599647
2.125,2125,0.59966
2.126,2126,0.599674
2.127,2127,0.599687
2.128,2128,0.599701
2.129,2129,0.599714
2.13,2130,0.599728
2.131,2131,0.599742
2.132,2132,0.599756
2.133,2133,0.599769
2.134,2134,0.599783
2.135,2135,0.599797
2.136,2136,0.599811
2.137,2137,0.599825
2.138,2138,0.599839
2.139,2139,0.599854
2.14,2140,0.599868
2.141,2141,0.599882
2.142,2142,0.599896
2.143,2143,0.599911
2.144,2144,0.599925
2.145,2145,0.599939
2.146,2146,0.599954
2.147,2147,0.599968
2.148,2148,0.599983
2.149,2149,0.599997
2.15,2150,0.600012
2.151,2151,0.600027
2.152,2152,0.600041
2.153,2153,0.600056
2.154,2154,0.600071
2.155,2155,0.600086
2.156,2156,0.600101
2.157,2157,0.600116
2.158,2158,0.60013
2.159,2159,0.600145
2.16,2160,0.60016
2.161,2161,0.600176
2.162,2162,0.600191
2.163,2163,0.600206
2.164,2164,0.600221
2.165,2165,0.600236
2.166,2166,0.600251
2.167,2167,0.600267
2.168,2168,0.600282
2.169,2169,0.600297
2.17,2170,0.600312
2.171,2171,0.600328
2.172,2172,0.600343
2.173,2173,0.600359
2.174,2174,0.600374
2.175,2175,0.60039
2.176,2176,0.600405
2.177,2177,0.600421
2.178,2178,0.600436
2.179,2179,0.600452
2.18,2180,0.600467
2.181,2181,0.600483
2.182,2182,0.600499
2.183,2183,0.600514
2.184,2184,0.60053
2.185,2185,0.600546
2.186,2186,0.600561
2.187,2187,0.600577
2.188,2188,0.600593
2.189,2189,0.600609
2.19,2190,0.600625
2.191,2191,0.60064
2.192,2192,0.600656
2.193,2193,0.600672
2.194,2194,0.600688
2.195,2195,0.600704
2.196,2196,0.60072
2.197,2197,0.600736
2.198,2198,0.600752
2.199,2199,0.600768
2.2,2200,0.600784
2.201,2201,0.6008
2.202,2202,0.600816
2.203,2203,0.600832
2.204,2204,0.600848
2.205,2205,0.600864
2.206,2206,0.60088
2.207,2207,0.600896
2.208,2208,0.600912
2.209,2209,0.600928
2.21,2210,0.600944
2.211,2211,0.60096
2.212,2212,0.600976
2.213,2213,0.600992
2.214,2214,0.601008
2.215,2215,0.601024
2.216,2216,0.60104
2.217,2217,0.601056
2.218,2218,0.601073
2.219,2219,0.601089
2.22,2220,0.601105
2.221,2221,0.601121
2.222,2222,0.601137
2.223,2223,0.601153
2.224,2224,0.601169
2.225,2225,0.601185
2.226,2226,0.601201
2.227,2227,0.601217
2.228,2228,0.601233
2.229,2229,0.60125
2.23,2230,0.601266
2.231,2231,0.601282
2.232,2232,0.601298
2.233,2233,0.601314
2.234,2234,0.60133
2.235,2235,0.601346
2.236,2236,0.601362
2.237,2237,0.601378
2.238,2238,0.601394
2.239,2239,0.60141
2.24,2240,0.601426
2.241,2241,0.601442
2.242,2242,0.601458
2.243,2243,0.601474
2.244,2244,0.60149
2.245,2245,0.601506
2.246,2246,0.601522
2.247,2247,0.601538
2.248,2248,0.601554
2.249,2249,0.601569
2.25,2250,0.601585
2.251,2251,0.601601
2.252,2252,0.601617
2.253,2253,0.601633
2.254,2254,0.601649
2.255,2255,0.601664
2.256,2256,0.60168
2.257,2257,0.601696
2.258,2258,0.601712
2.259,2259,0.601727
2.26,2260,0.601743
2.261,2261,0.601759
2.262,2262,0.601774
2.263,2263,0.60179
2.264,2264,0.601806
2.265,2265,0.601821
2.266,2266,0.601837
2.267,2267,0.601852
2.268,2268,0.601868
2.269,2269,0.601883
2.27,2270,0.601899
2.271,2271,0.601914
2.272,2272,0.60193
2.273,2273,0.601945
2.274,2274,0.60196
2.275,2275,0.601976
2.276,2276,0.601991
2.277,2277,0.602006
2.278,2278,0.602022
2.279,2279,0.602037
2.28,2280,0.602052
2.281,2281,0.602067
2.282,2282,0.602082
2.283,2283,0.602097
2.284,2284,0.602112
2.285,2285,0.602128
2.286,2286,0.602143
2.287,2287,0.602157
2.288,2288,0.602172
2.289,2289,0.602187
2.29,2290,0.602202
2.291,2291,0.602217
2.292,2292,0.602232
2.293,2293,0.602247
2.294,2294,0.602261
2.295,2295,0.602276
2.296,2296,0.602291
2.297,2297,0.602305
2.298,2298,0.60232
2.299,2299,0.602334
2.3,2300,0.602349
2.301,2301,0.602363
2.302,2302,0.602378
2.303,2303,0.602392
2.304,2304,0.602406
2.305,2305,0.602421
2.306,2306,0.602435
2.307,2307,0.602449
2.308,2308,0.602463
2.309,2309,0.602478
2.31,2310,0.602492
2.311,2311,0.602506
2.312,2312,0.60252
2.313,2313,0.602534
2.314,2314,0.602548
2.315,2315,0.602561
2.316,2316,0.602575
2.317,2317,0.602589
2.318,2318,0.602603
2.319,2319,0.602616
2.32,2320,0.60263
2.321,2321,0.602644
2.322,2322,0.602657
2.323,2323,0.602671
2.324,2324,0.602684
2.325,2325,0.602698
2.326,2326,0.602711
2.327,2327,0.602724
2.328,2328,0.602738
2.329,2329,0.602751
2.33,2330,0.602764
2.331,2331,0.602777
2.332,2332,0.60279
2.333,2333,0.602803
2.334,2334,0.602816
2.335,2335,0.602829
2.336,2336,0.602842
2.337,2337,0.602855
2.338,2338,0.602867
2.339,2339,0.60288
2.34,2340,0.602893
2.341,2341,0.602905
2.342,2342,0.602918
2.343,2343,0.60293
2.344,2344,0.602943
2.345,2345,0.602955
2.346,2346,0.602967
2.347,2347,0.60298
2.348,2348,0.602992
2.349,2349,0.603004
2.35,2350,0.603016
2.351,2351,0.603028
2.352,2352,0.60304
2.353,2353,0.603052
2.354,2354,0.603064
2.355,2355,0.603076
2.356,2356,0.603087
2.357,2357,0.603099
2.358,2358,0.603111
2.359,2359,0.603122
2.36,2360,0.603134
2.361,2361,0.603145
2.362,2362,0.603156
2.363,2363,0.603168
2.364,2364,0.603179
2.365,2365,0.60319
2.366,2366,0.603201
2.367,2367,0.603212
2.368,2368,0.603223
2.369,2369,0.603234
2.37,2370,0.603245
2.371,2371,0.603256
2.372,2372,0.603267
2.373,2373,0.603278
2.374,2374,0.603288
2.375,2375,0.603299
2.376,2376,0.603309
2.377,2377,0.60332
2.378,2378,0.60333
2.379,2379,0.603341
2.38,2380,0.603351
2.381,2381,0.603361
2.382,2382,0.603371
2.383,2383,0.603381
2.384,2384,0.603391
2.385,2385,0.603401
2.386,2386,0.603411
2.387,2387,0.603421
2.388,2388,0.60343
2.389,2389,0.60344
2.39,2390,0.60345
2.391,2391,0.603459
2.392,2392,0.603469
2.393,2393,0.603478
2.394,2394,0.603487
2.395,2395,0.603497
2.396,2396,0.603506
2.397,2397,0.603515
2.398,2398,0.603524
2.399,2399,0.603533
2.4,2400,0.603542
2.401,2401,0.603551
2.402,2402,0.60356
2.403,2403,0.603568
2.404,2404,0.603577
2.405,2405,0.603586
2.406,2406,0.603594
2.407,2407,0.603603
2.408,2408,0.603611
2.409,2409,0.603619
2.41,2410,0.603627
2.411,2411,0.603636
2.412,2412,0.603644
2.413,2413,0.603652
2.414,2414,0.60366
2.415,2415,0.603668
2.416,2416,0.603675
2.417,2417,0.603683
2.418,2418,0.603691
2.419,2419,0.603698
2.42,2420,0.603706
2.421,2421,0.603713
2.422,2422,0.603721
2.423,2423,0.603728
2.424,2424,0.603735
2.425,2425,0.603743
2.426,2426,0.60375
2.427,2427,0.603757
2.428,2428,0.603764
2.429,2429,0.60377
2.43,2430,0.603777
2.431,2431,0.603784
2.432,2432,0.603791
2.433,2433,0.603797
2.434,2434,0.603804
2.435,2435,0.60381
2.436,2436,0.603817
2.437,2437,0.603823
2.438,2438,0.603829
2.439,2439,0.603835
2.44,2440,0.603841
2.441,2441,0.603847
2.442,2442,0.603853
2.443,2443,0.603859
2.444,2444,0.603865
2.445,2445,0.603871
2.446,2446,0.603876
2.447,2447,0.603882
2.448,2448,0.603887
2.449,2449,0.603893
2.45,2450,0.603898
2.451,2451,0.603903
2.452,2452,0.603909
2.453,2453,0.603914
2.454,2454,0.603919
2.455,2455,0.603924
2.456,2456,0.603929
2.457,2457,0.603934
2.458,2458,0.603938
2.459,2459,0.603943
2.46,2460,0.603948
2.461,2461,0.603952
2.462,2462,0.603957
2.463,2463,0.603961
2.464,2464,0.603965
2.465,2465,0.60397
2.466,2466,0.603974
2.467,2467,0.603978
2.468,2468,0.603982
2.469,2469,0.603986
2.47,2470,0.60399
2.471,2471,0.603994
2.472,2472,0.603997
2.473,2473,0.604001
2.474,2474,0.604005
2.475,2475,0.604008
2.476,2476,0.604012
2.477,2477,0.604015
2.478,2478,0.604018
2.479,2479,0.604022
2.48,2480,0.604025
2.481,2481,0.604028
2.482,2482,0.604031
2.483,2483,0.604034
2.484,2484,0.604037
2.485,2485,0.604039
2.486,2486,0.604042
2.487,2487,0.604045
2.488,2488,0.604047
2.489,2489,0.60405
2.49,2490,0.604052
2.491,2491,0.604055
2.492,2492,0.604057
2.493,2493,0.604059
2.494,2494,0.604061
2.495,2495,0.604063
2.496,2496,0.604065
2.497,2497,0.604067
2.498,2498,0.604069
2.499,2499,0.604071
2.5,2500,0.604072
2.501,2501,0.604074
2.502,2502,0.604076
2.503,2503,0.604077
2.504,2504,0.604078
2.505,2505,0.60408
2.506,2506,0.604081
2.507,2507,0.604082
2.508,2508,0.604083
2.509,2509,0.604084
2.51,2510,0.604085
2.511,2511,0.604086
2.512,2512,0.604087
2.513,2513,0.604088
2.514,2514,0.604089
2.515,2515,0.604089
2.516,2516,0.60409
2.517,2517,0.60409
2.518,2518,0.604091
2.519,2519,0.604091
2.52,2520,0.604091
2.521,2521,0.604092
2.522,2522,0.604092
2.523,2523,0.604092
2.524,2524,0.604092
2.525,2525,0.604092
2.526,2526,0.604092
2.527,2527,0.604092
2.528,2528,0.604091
2.529,2529,0.604091
2.53,2530,0.604091
2.531,2531,0.60409
2.532,2532,0.60409
2.533,2533,0.604089
2.534,2534,0.604088
2.535,2535,0.604088
2.536,2536,0.604087
2.537,2537,0.604086
2.538,2538,0.604085
2.539,2539,0.604084
2.54,2540,0.604083
2.541,2541,0.604082
2.542,2542,0.60408
2.543,2543,0.604079
2.544,2544,0.604078
2.545,2545,0.604076
2.546,2546,0.604075
2.547,2547,0.604073
2.548,2548,0.604072
2.549,2549,0.60407
2.55,2550,0.604068
2.551,2551,0.604067
2.552,2552,0.604065
2.553,2553,0.604063
2.554,2554,0.604061
2.555,2555,0.604059
2.556,2556,0.604057
2.557,2557,0.604055
2.558,2558,0.604052
2.559,2559,0.60405
2.56,2560,0.604048
2.561,2561,0.604045
2.562,2562,0.604043
2.563,2563,0.60404
2.564,2564,0.604038
2.565,2565,0.604035
2.566,2566,0.604032
2.567,2567,0.604029
2.568,2568,0.604027
2.569,2569,0.604024
2.57,2570,0.604021
2.571,2571,0.604018
2.572,2572,0.604015
2.573,2573,0.604011
2.574,2574,0.604008
2.575,2575,0.604005
2.576,2576,0.604002
2.577,2577,0.603998
2.578,2578,0.603995
2.579,2579,0.603991
2.58,2580,0.603988
2.581,2581,0.603984
2.582,2582,0.60398
2.583,2583,0.603977
2.584,2584,0.603973
2.585,2585,0.603969
2.586,2586,0.603965
2.587,2587,0.603961
2.588,2588,0.603957
2.589,2589,0.603953
2.59,2590,0.603949
2.591,2591,0.603945
2.592,2592,0.60394
2.593,2593,0.603936
2.594,2594,0.603932
2.595,2595,0.603927
2.596,2596,0.603923
2.597,2597,0.603918
2.598,2598,0.603914
2.599,2599,0.603909
2.6,2600,0.603904
2.601,2601,0.6039
2.602,2602,0.603895
2.603,2603,0.60389
2.604,2604,0.603885
2.605,2605,0.60388
2.606,2606,0.603875
2.607,2607,0.60387
2.608,2608,0.603865
2.609,2609,0.60386
2.61,2610,0.603855
2.611,2611,0.60385
2.612,2612,0.603844
2.613,2613,0.603839
2.614,2614,0.603834
2.615,2615,0.603828
2.616,2616,0.603823
2.617,2617,0.603817
2.618,2618,0.603812
2.619,2619,0.603806
2.62,2620,0.6038
2.621,2621,0.603795
2.622,2622,0.603789
2.623,2623,0.603783
2.624,2624,0.603777
2.625,2625,0.603771
2.626,2626,0.603765
2.627,2627,0.603759
2.628,2628,0.603753
2.629,2629,0.603747
2.63,2630,0.603741
2.631,2631,0.603735
2.632,2632,0.603729
2.633,2633,0.603722
2.634,2634,0.603716
2.635,2635,0.60371
2.636,2636,0.603703
2.637,2637,0.603697
2.638,2638,0.60369
2.639,2639,0.603684
2.64,2640,0.603677
2.641,2641,0.603671
2.642,2642,0.603664
2.643,2643,0.603657
2.644,2644,0.603651
2.645,2645,0.603644
2.646,2646,0.603637
2.647,2647,0.60363
2.648,2648,0.603623
2.649,2649,0.603616
2.65,2650,0.603609
2.651,2651,0.603603
2.652,2652,0.603595
2.653,2653,0.603588
2.654,2654,0.603581
2.655,2655,0.603574
2.656,2656,0.603567
2.657,2657,0.60356
2.658,2658,0.603553
2.659,2659,0.603545
2.66,2660,0.603538
2.661,2661,0.603531
2.662,2662,0.603523
2.663,2663,0.603516
2.664,2664,0.603508
2.665,2665,0.603501
2.666,2666,0.603493
2.667,2667,0.603486
2.668,2668,0.603478
2.669,2669,0.603471
2.67,2670,0.603463
2.671,2671,0.603455
2.672,2672,0.603448
2.673,2673,0.60344
2.674,2674,0.603432
2.675,2675,0.603424
2.676,2676,0.603416
2.677,2677,0.603409
2.678,2678,0.603401
2.679,2679,0.603393
2.68,2680,0.603385
2.681,2681,0.603377
2.682,2682,0.603369
2.683,2683,0.603361
2.684,2684,0.603353
2.685,2685,0.603345
2.686,2686,0.603337
2.687,2687,0.603328
2.688,2688,0.60332
2.689,2689,0.603312
2.69,2690,0.603304
2.691,2691,0.603296
2.692,2692,0.603287
2.693,2693,0.603279
2.694,2694,0.603271
2.695,2695,0.603263
2.696,2696,0.603254
2.697,2697,0.603246
2.698,2698,0.603237
2.699,2699,0.603229
2.7,2700,0.603221
2.701,2701,0.603212
2.702,2702,0.603204
2.703,2703,0.603195
2.704,2704,0.603187
2.705,2705,0.603178
2.706,2706,0.60317
2.707,2707,0.603161
2.708,2708,0.603152
2.709,2709,0.603144
2.71,2710,0.603135
2.711,2711,0.603126
2.712,2712,0.603118
2.713,2713,0.603109
2.714,2714,0.6031
2.715,2715,0.603092
2.716,2716,0.603083
2.717,2717,0.603074
2.718,2718,0.603065
2.719,2719,0.603057
2.72,2720,0.603048
2.721,2721,0.603039
2.722,2722,0.60303
2.723,2723,0.603021
2.724,2724,0.603013
2.725,2725,0.603004
2.726,2726,0.602995
2.727,2727,0.602986
2.728,2728,0.602977
2.729,2729,0.602968
2.73,2730,0.602959
2.731,2731,0.60295
2.732,2732,0.602941
2.733,2733,0.602932
2.734,2734,0.602923
2.735,2735,0.602914
2.736,2736,0.602905
2.737,2737,0.602896
2.738,2738,0.602887
2.739,2739,0.602878
2.74,2740,0.602869
2.741,2741,0.60286
2.742,2742,0.602851
2.743,2743,0.602842
2.744,2744,0.602833
2.745,2745,0.602824
2.746,2746,0.602815
2.747,2747,0.602806
2.748,2748,0.602797
2.749,2749,0.602788
2.75,2750,0.602779
2.751,2751,0.60277
2.752,2752,0.60276
2.753,2753,0.602751
2.754,2754,0.602742
2.755,2755,0.602733
2.756,2756,0.602724
2.757,2757,0.602715
2.758,2758,0.602706
2.759,2759,0.602697
2.76,2760,0.602688
2.761,2761,0.602678
2.762,2762,0.602669
2.763,2763,0.60266
2.764,2764,0.602651
2.765,2765,0.602642
2.766,2766,0.602633
2.767,2767,0.602624
2.768,2768,0.602615
2.769,2769,0.602605
2.77,2770,0.602596
2.771,2771,0.602587
2.772,2772,0.602578
2.773,2773,0.602569
2.774,2774,0.60256
2.775,2775,0.602551
2.776,2776,0.602542
2.777,2777,0.602533
2.778,2778,0.602523
2.779,2779,0.602514
2.78,2780,0.602505
2.781,2781,0.602496
2.782,2782,0.602487
2.783,2783,0.602478
2.784,2784,0.602469
2.785,2785,0.60246
2.786,2786,0.602451
2.787,2787,0.602442
2.788,2788,0.602433
2.789,2789,0.602424
2.79,2790,0.602415
2.791,2791,0.602406
2.792,2792,0.602397
2.793,2793,0.602388
2.794,2794,0.602379
2.795,2795,0.60237
2.796,2796,0.602361
2.797,2797,0.602352
2.798,2798,0.602343
2.799,2799,0.602334
2.8,2800,0.602325
2.801,2801,0.602316
2.802,2802,0.602307
2.803,2803,0.602298
2.804,2804,0.602289
2.805,2805,0.60228
2.806,2806,0.602271
2.807,2807,0.602263
2.808,2808,0.602254
2.809,2809,0.602245
2.81,2810,0.602236
2.811,2811,0.602227
2.812,2812,0.602219
2.813,2813,0.60221
2.814,2814,0.602201
2.815,2815,0.602192
2.816,2816,0.602184
2.817,2817,0.602175
2.818,2818,0.602166
2.819,2819,0.602157
2.82,2820,0.602149
2.821,2821,0.60214
2.822,2822,0.602131
2.823,2823,0.602123
2.824,2824,0.602114
2.825,2825,0.602106
2.826,2826,0.602097
2.827,2827,0.602089
2.828,2828,0.60208
2.829,2829,0.602071
2.83,2830,0.602063
2.831,2831,0.602055
2.832,2832,0.602046
2.833,2833,0.602038
2.834,2834,0.602029
2.835,2835,0.602021
2.836,2836,0.602012
2.837,2837,0.602004
2.838,2838,0.601996
2.839,2839,0.601987
2.84,2840,0.601979
2.841,2841,0.601971
2.842,2842,0.601963
2.843,2843,0.601954
2.844,2844,0.601946
2.845,2845,0.601938
2.846,2846,0.60193
2.847,2847,0.601922
2.848,2848,0.601914
2.849,2849,0.601905
2.85,2850,0.601897
2.851,2851,0.601889
2.852,2852,0.601881
2.853,2853,0.601873
2.854,2854,0.601865
2.855,2855,0.601857
2.856,2856,0.601849
2.857,2857,0.601841
2.858,2858,0.601834
2.859,2859,0.601826
2.86,2860,0.601818
2.861,2861,0.60181
2.862,2862,0.601802
2.863,2863,0.601795
2.864,2864,0.601787
2.865,2865,0.601779
2.866,2866,0.601772
2.867,2867,0.601764
2.868,2868,0.601756
2.869,2869,0.601749
2.87,2870,0.601741
2.871,2871,0.601734
2.872,2872,0.601726
2.873,2873,0.601719
2.874,2874,0.601711
2.875,2875,0.601704
2.876,2876,0.601696
2.877,2877,0.601689
2.878,2878,0.601682
2.879,2879,0.601674
2.88,2880,0.601667
2.881,2881,0.60166
2.882,2882,0.601653
2.883,2883,0.601645
2.884,2884,0.601638
2.885,2885,0.601631
2.886,2886,0.601624
2.887,2887,0.601617
2.888,2888,0.60161
2.889,2889,0.601603
2.89,2890,0.601596
2.891,2891,0.601589
2.892,2892,0.601582
2.893,2893,0.601575
2.894,2894,0.601569
2.895,2895,0.601562
2.896,2896,0.601555
2.897,2897,0.601548
2.898,2898,0.601541
2.899,2899,0.601535
2.9,2900,0.601528
2.901,2901,0.601522
2.902,2902,0.601515
2.903,2903,0.601508
2.904,2904,0.601502
2.905,2905,0.601495
2.906,2906,0.601489
2.907,2907,0.601483
2.908,2908,0.601476
2.909,2909,0.60147
2.91,2910,0.601464
2.911,2911,0.601457
2.912,2912,0.601451
2.913,2913,0.601445
2.914,2914,0.601439
2.915,2915,0.601433
2.916,2916,0.601427
2.917,2917,0.601421
2.918,2918,0.601415
2.919,2919,0.601409
2.92,2920,0.601403
2.921,2921,0.601397
2.922,2922,0.601391
2.923,2923,0.601385
2.924,2924,0.601379
2.925,2925,0.601373
2.926,2926,0.601368
2.927,2927,0.601362
2.928,2928,0.601356
2.929,2929,0.601351
2.93,2930,0.601345
2.931,2931,0.60134
2.932,2932,0.601334
2.933,2933,0.601329
2.934,2934,0.601323
2.935,2935,0.601318
2.936,2936,0.601312
2.937,2937,0.601307
2.938,2938,0.601302
2.939,2939,0.601297
2.94,2940,0.601291
2.941,2941,0.601286
2.942,2942,0.601281
2.943,2943,0.601276
2.944,2944,0.601271
2.945,2945,0.601266
2.946,2946,0.601261
2.947,2947,0.601256
2.948,2948,0.601251
2.949,2949,0.601246
2.95,2950,0.601242
2.951,2951,0.601237
2.952,2952,0.601232
2.953,2953,0.601227
2.954,2954,0.601223
2.955,2955,0.601218
2.956,2956,0.601214
2.957,2957,0.601209
2.958,2958,0.601205
2.959,2959,0.6012
2.96,2960,0.601196
2.961,2961,0.601191
2.962,2962,0.601187
2.963,2963,0.601183
2.964,2964,0.601178
2.965,2965,0.601174
2.966,2966,0.60117
2.967,2967,0.601166
2.968,2968,0.601162
2.969,2969,0.601158
2.97,2970,0.601154
2.971,2971,0.60115
2.972,2972,0.601146
2.973,2973,0.601142
2.974,2974,0.601138
2.975,2975,0.601134
2.976,2976,0.601131
2.977,2977,0.601127
2.978,2978,0.601123
2.979,2979,0.60112
2.98,2980,0.601116
2.981,2981,0.601112
2.982,2982,0.601109
2.983,2983,0.601105
2.984,2984,0.601102
2.985,2985,0.601099
2.986,2986,0.601095
2.987,2987,0.601092
2.988,2988,0.601089
2.989,2989,0.601085
2.99,2990,0.601082
2.991,2991,0.601079
2.992,2992,0.601076
2.993,2993,0.601073
2.994,2994,0.60107
2.995,2995,0.601067
2.996,2996,0.601064
2.997,2997,0.601061
2.998,2998,0.601058
2.999,2999,0.601056
3,3000,0.601053
3.001,3001,0.60105
3.002,3002,0.601047
3.003,3003,0.601045
3.004,3004,0.601042
3.005,3005,0.60104
3.006,3006,0.601037
3.007,3007,0.601035
3.008,3008,0.601032
3.009,3009,0.60103
3.01,3010,0.601027
3.011,3011,0.601025
3.012,3012,0.601023
3.013,3013,0.601021
3.014,3014,0.601018
3.015,3015,0.601016
3.016,3016,0.601014
3.017,3017,0.601012
3.018,3018,0.60101
3.019,3019,0.601008
3.02,3020,0.601006
3.021,3021,0.601004
3.022,3022,0.601002
3.023,3023,0.601001
3.024,3024,0.600999
3.025,3025,0.600997
3.026,3026,0.600995
3.027,3027,0.600994
3.028,3028,0.600992
3.029,3029,0.600991
3.03,3030,0.600989
3.031,3031,0.600988
3.032,3032,0.600986
3.033,3033,0.600985
3.034,3034,0.600983
3.035,3035,0.600982
3.036,3036,0.600981
3.037,3037,0.60098
3.038,3038,0.600978
3.039,3039,0.600977
3.04,3040,0.600976
3.041,3041,0.600975
3.042,3042,0.600974
3.043,3043,0.600973
3.044,3044,0.600972
3.045,3045,0.600971
3.046,3046,0.60097
3.047,3047,0.60097
3.048,3048,0.600969
3.049,3049,0.600968
3.05,3050,0.600967
3.051,3051,0.600967
3.052,3052,0.600966
3.053,3053,0.600965
3.054,3054,0.600965
3.055,3055,0.600964
3.056,3056,0.600964
3.057,3057,0.600963
3.058,3058,0.600963
3.059,3059,0.600963
3.06,3060,0.600962
3.061,3061,0.600962
3.062,3062,0.600962
3.063,3063,0.600962
3.064,3064,0.600962
3.065,3065,0.600962
3.066,3066,0.600961
3.067,3067,0.600961
3.068,3068,0.600961
3.069,3069,0.600961
3.07,3070,0.600962
3.071,3071,0.600962
3.072,3072,0.600962
3.073,3073,0.600962
3.074,3074,0.600962
3.075,3075,0.600963
3.076,3076,0.600963
3.077,3077,0.600963
3.078,3078,0.600964
3.079,3079,0.600964
3.08,3080,0.600965
3.081,3081,0.600965
3.082,3082,0.600966
3.083,3083,0.600966
3.084,3084,0.600967
3.085,3085,0.600968
3.086,3086,0.600968
3.087,3087,0.600969
3.088,3088,0.60097
3.089,3089,0.600971
3.09,3090,0.600971
3.091,3091,0.600972
3.092,3092,0.600973
3.093,3093,0.600974
3.094,3094,0.600975
3.095,3095,0.600976
3.096,3096,0.600977
3.097,3097,0.600978
3.098,3098,0.60098
3.099,3099,0.600981
3.1,3100,0.600982
3.101,3101,0.600983
3.102,3102,0.600984
3.103,3103,0.600986
3.104,3104,0.600987
3.105,3105,0.600988
3.106,3106,0.60099
3.107,3107,0.600991
3.108,3108,0.600993
3.109,3109,0.600994
3.11,3110,0.600996
3.111,3111,0.600998
3.112,3112,0.600999
3.113,3113,0.601001
3.114,3114,0.601003
3.115,3115,0.601004
3.116,3116,0.601006
3.117,3117,0.601008
3.118,3118,0.60101
3.119,3119,0.601012
3.12,3120,0.601013
3.121,3121,0.601015
3.122,3122,0.601017
3.123,3123,0.601019
3.124,3124,0.601021
3.125,3125,0.601024
3.126,3126,0.601026
3.127,3127,0.601028
3.128,3128,0.60103
3.129,3129,0.601032
3.13,3130,0.601034
3.131,3131,0.601037
3.132,3132,0.601039
3.133,3133,0.601041
3.134,3134,0.601044
3.135,3135,0.601046
3.136,3136,0.601048
3.137,3137,0.601051
3.138,3138,0.601053
3.139,3139,0.601056
3.14,3140,0.601058
3.141,3141,0.601061
3.142,3142,0.601064
3.143,3143,0.601066
3.144,3144,0.601069
3.145,3145,0.601072
3.146,3146,0.601074
3.147,3147,0.601077
3.148,3148,0.60108
3.149,3149,0.601083
3.15,3150,0.601085
3.151,3151,0.601088
3.152,3152,0.601091
3.153,3153,0.601094
3.154,3154,0.601097
3.155,3155,0.6011
3.156,3156,0.601103
3.157,3157,0.601106
3.158,3158,0.601109
3.159,3159,0.601112
3.16,3160,0.601115
3.161,3161,0.601119
3.162,3162,0.601122
3.163,3163,0.601125
3.164,3164,0.601128
3.165,3165,0.601131
3.166,3166,0.601135
3.167,3167,0.601138
3.168,3168,0.601141
3.169,3169,0.601145
3.17,3170,0.601148
3.171,3171,0.601152
3.172,3172,0.601155
3.173,3173,0.601158
3.174,3174,0.601162
3.175,3175,0.601165
3.176,3176,0.601169
3.177,3177,0.601173
3.178,3178,0.601176
3.179,3179,0.60118
3.18,3180,0.601183
3.181,3181,0.601187
3.182,3182,0.601191
3.183,3183,0.601194
3.184,3184,0.601198
3.185,3185,0.601202
3.186,3186,0.601206
3.187,3187,0.601209
3.188,3188,0.601213
3.189,3189,0.601217
3.19,3190,0.601221
3.191,3191,0.601225
3.192,3192,0.601229
3.193,3193,0.601233
3.194,3194,0.601237
3.195,3195,0.601241
3.196,3196,0.601245
3.197,3197,0.601249
3.198,3198,0.601253
3.199,3199,0.601257
3.2,3200,0.601261
3.201,3201,0.601265
3.202,3202,0.601269
3.203,3203,0.601273
3.204,3204,0.601277
3.205,3205,0.601281
3.206,3206,0.601286
3.207,3207,0.60129
3.208,3208,0.601294
3.209,3209,0.601298
3.21,3210,0.601303
3.211,3211,0.601307
3.212,3212,0.601311
3.213,3213,0.601316
3.214,3214,0.60132
3.215,3215,0.601324
3.216,3216,0.601329
3.217,3217,0.601333
3.218,3218,0.601337
3.219,3219,0.601342
3.22,3220,0.601346
3.221,3221,0.601351
3.222,3222,0.601355
3.223,3223,0.60136
3.224,3224,0.601364
3.225,3225,0.601369
3.226,3226,0.601373
3.227,3227,0.601378
3.228,3228,0.601382
3.229,3229,0.601387
3.23,3230,0.601392
3.231,3231,0.601396
3.232,3232,0.601401
3.233,3233,0.601405
3.234,3234,0.60141
3.235,3235,0.601415
3.236,3236,0.601419
3.237,3237,0.601424
3.238,3238,0.601429
3.239,3239,0.601434
3.24,3240,0.601438
3.241,3241,0.601443
3.242,3242,0.601448
3.243,3243,0.601453
3.244,3244,0.601457
3.245,3245,0.601462
3.246,3246,0.601467
3.247,3247,0.601472
3.248,3248,0.601477
3.249,3249,0.601482
3.25,3250,0.601486
3.251,3251,0.601491
3.252,3252,0.601496
3.253,3253,0.601501
3.254,3254,0.601506
3.255,3255,0.601511
3.256,3256,0.601516
3.257,3257,0.601521
3.258,3258,0.601526
3.259,3259,0.601531
3.26,3260,0.601536
3.261,3261,0.601541
3.262,3262,0.601545
3.263,3263,0.60155
3.264,3264,0.601555
3.265,3265,0.60156
3.266,3266,0.601565
3.267,3267,0.60157
3.268,3268,0.601576
3.269,3269,0.601581
3.27,3270,0.601586
3.271,3271,0.601591
3.272,3272,0.601596
3.273,3273,0.601601
3.274,3274,0.601606
3.275,3275,0.601611
3.276,3276,0.601616
3.277,3277,0.601621
3.278,3278,0.601626
3.279,3279,0.601631
3.28,3280,0.601636
3.281,3281,0.601641
3.282,3282,0.601647
3.283,3283,0.601652
3.284,3284,0.601657
3.285,3285,0.601662
3.286,3286,0.601667
3.287,3287,0.601672
3.288,3288,0.601677
3.289,3289,0.601682
3.29,3290,0.601688
3.291,3291,0.601693
3.292,3292,0.601698
3.293,3293,0.601703
3.294,3294,0.601708
3.295,3295,0.601713
3.296,3296,0.601718
3.297,3297,0.601724
3.298,3298,0.601729
3.299,3299,0.601734
3.3,3300,0.601739
3.301,3301,0.601744
3.302,3302,0.601749
3.303,3303,0.601755
3.304,3304,0.60176
3.305,3305,0.601765
3.306,3306,0.60177
3.307,3307,0.601775
3.308,3308,0.60178
3.309,3309,0.601786
3.31,3310,0.601791
3.311,3311,0.601796
3.312,3312,0.601801
3.313,3313,0.601806
3.314,3314,0.601812
3.315,3315,0.601817
3.316,3316,0.601822
3.317,3317,0.601827
3.318,3318,0.601832
3.319,3319,0.601837
3.32,3320,0.601842
3.321,3321,0.601848
3.322,3322,0.601853
3.323,3323,0.601858
3.324,3324,0.601863
3.325,3325,0.601868
3.326,3326,0.601873
3.327,3327,0.601879
3.328,3328,0.601884
3.329,3329,0.601889
3.33,3330,0.601894
3.331,3331,0.601899
3.332,3332,0.601904
3.333,3333,0.601909
3.334,3334,0.601914
3.335,3335,0.60192
3.336,3336,0.601925
3.337,3337,0.60193
3.338,3338,0.601935
3.339,3339,0.60194
3.34,3340,0.601945
3.341,3341,0.60195
3.342,3342,0.601955
3.343,3343,0.60196
3.344,3344,0.601965
3.345,3345,0.60197
3.346,3346,0.601975
3.347,3347,0.601981
3.348,3348,0.601986
3.349,3349,0.601991
3.35,3350,0.601996
3.351,3351,0.602001
3.352,3352,0.602006
3.353,3353,0.602011
3.354,3354,0.602016
3.355,3355,0.602021
3.356,3356,0.602026
3.357,3357,0.602031
3.358,3358,0.602036
3.359,3359,0.60204
3.36,3360,0.602045
3.361,3361,0.60205
3.362,3362,0.602055
3.363,3363,0.60206
3.364,3364,0.602065
3.365,3365,0.60207
3.366,3366,0.602075
3.367,3367,0.60208
3.368,3368,0.602085
3.369,3369,0.60209
3.37,3370,0.602094
3.371,3371,0.602099
3.372,3372,0.602104
3.373,3373,0.602109
3.374,3374,0.602114
3.375,3375,0.602119
3.376,3376,0.602123
3.377,3377,0.602128
3.378,3378,0.602133
3.379,3379,0.602138
3.38,3380,0.602142
3.381,3381,0.602147
3.382,3382,0.602152
3.383,3383,0.602157
3.384,3384,0.602161
3.385,3385,0.602166
3.386,3386,0.602171
3.387,3387,0.602175
3.388,3388,0.60218
3.389,3389,0.602185
3.39,3390,0.602189
3.391,3391,0.602194
3.392,3392,0.602198
3.393,3393,0.602203
3.394,3394,0.602208
3.395,3395,0.602212
3.396,3396,0.602217
3.397,3397,0.602221
3.398,3398,0.602226
3.399,3399,0.60223
3.4,3400,0.602235
3.401,3401,0.602239
3.402,3402,0.602244
3.403,3403,0.602248
3.404,3404,0.602252
3.405,3405,0.602257
3.406,3406,0.602261
3.407,3407,0.602266
3.408,3408,0.60227
3.409,3409,0.602274
3.41,3410,0.602279
3.411,3411,0.602283
3.412,3412,0.602287
3.413,3413,0.602292
3.414,3414,0.602296
3.415,3415,0.6023
3.416,3416,0.602304
3.417,3417,0.602309
3.418,3418,0.602313
3.419,3419,0.602317
3.42,3420,0.602321
3.421,3421,0.602325
3.422,3422,0.60233
3.423,3423,0.602334
3.424,3424,0.602338
3.425,3425,0.602342
3.426,3426,0.602346
3.427,3427,0.60235
3.428,3428,0.602354
3.429,3429,0.602358
3.43,3430,0.602362
3.431,3431,0.602366
3.432,3432,0.60237
3.433,3433,0.602374
3.434,3434,0.602378
3.435,3435,0.602382
3.436,3436,0.602386
3.437,3437,0.60239
3.438,3438,0.602394
3.439,3439,0.602397
3.44,3440,0.602401
3.441,3441,0.602405
3.442,3442,0.602409
3.443,3443,0.602413
3.444,3444,0.602416
3.445,3445,0.60242
3.446,3446,0.602424
3.447,3447,0.602428
3.448,3448,0.602431
3.449,3449,0.602435
3.45,3450,0.602439
3.451,3451,0.602442
3.452,3452,0.602446
3.453,3453,0.602449
3.454,3454,0.602453
3.455,3455,0.602457
3.456,3456,0.60246
3.457,3457,0.602464
3.458,3458,0.602467
3.459,3459,0.60247
3.46,3460,0.602474
3.461,3461,0.602477
3.462,3462,0.602481
3.463,3463,0.602484
3.464,3464,0.602487
3.465,3465,0.602491
3.466,3466,0.602494
3.467,3467,0.602497
3.468,3468,0.602501
3.469,3469,0.602504
3.47,3470,0.602507
3.471,3471,0.60251
3.472,3472,0.602514
3.473,3473,0.602517
3.474,3474,0.60252
3.475,3475,0.602523
3.476,3476,0.602526
3.477,3477,0.602529
3.478,3478,0.602532
3.479,3479,0.602535
3.48,3480,0.602538
3.481,3481,0.602541
3.482,3482,0.602544
3.483,3483,0.602547
3.484,3484,0.60255
3.485,3485,0.602553
3.486,3486,0.602556
3.487,3487,0.602559
3.488,3488,0.602562
3.489,3489,0.602565
3.49,3490,0.602567
3.491,3491,0.60257
3.492,3492,0.602573
3.493,3493,0.602576
3.494,3494,0.602578
3.495,3495,0.602581
3.496,3496,0.602584
3.497,3497,0.602586
3.498,3498,0.602589
3.499,3499,0.602592
3.5,3500,0.602594
3.501,3501,0.602597
3.502,3502,0.602599
3.503,3503,0.602602
3.504,3504,0.602604
3.505,3505,0.602607
3.506,3506,0.602609
3.507,3507,0.602612
3.508,3508,0.602614
3.509,3509,0.602617
3.51,3510,0.602619
3.511,3511,0.602621
3.512,3512,0.602624
3.513,3513,0.602626
3.514,3514,0.602628
3.515,3515,0.60263
3.516,3516,0.602633
3.517,3517,0.602635
3.518,3518,0.602637
3.519,3519,0.602639
3.52,3520,0.602641
3.521,3521,0.602643
3.522,3522,0.602645
3.523,3523,0.602647
3.524,3524,0.602649
3.525,3525,0.602651
3.526,3526,0.602653
3.527,3527,0.602655
3.528,3528,0.602657
3.529,3529,0.602659
3.53,3530,0.602661
3.531,3531,0.602663
3.532,3532,0.602665
3.533,3533,0.602667
3.534,3534,0.602668
3.535,3535,0.60267
3.536,3536,0.602672
3.537,3537,0.602674
3.538,3538,0.602675
3.539,3539,0.602677
3.54,3540,0.602679
3.541,3541,0.60268
3.542,3542,0.602682
3.543,3543,0.602683
3.544,3544,0.602685
3.545,3545,0.602687
3.546,3546,0.602688
3.547,3547,0.60269
3.548,3548,0.602691
3.549,3549,0.602692
3.55,3550,0.602694
3.551,3551,0.602695
3.552,3552,0.602697
3.553,3553,0.602698
3.554,3554,0.602699
3.555,3555,0.602701
3.556,3556,0.602702
3.557,3557,0.602703
3.558,3558,0.602704
3.559,3559,0.602706
3.56,3560,0.602707
3.561,3561,0.602708
3.562,3562,0.602709
3.563,3563,0.60271
3.564,3564,0.602711
3.565,3565,0.602712
3.566,3566,0.602713
3.567,3567,0.602714
3.568,3568,0.602715
3.569,3569,0.602716
3.57,3570,0.602717
3.571,3571,0.602718
3.572,3572,0.602719
3.573,3573,0.60272
3.574,3574,0.602721
3.575,3575,0.602722
3.576,3576,0.602722
3.577,3577,0.602723
3.578,3578,0.602724
3.579,3579,0.602725
3.58,3580,0.602725
3.581,3581,0.602726
3.582,3582,0.602727
3.583,3583,0.602727
3.584,3584,0.602728
3.585,3585,0.602729
3.586,3586,0.602729
3.587,3587,0.60273
3.588,3588,0.60273
3.589,3589,0.602731
3.59,3590,0.602731
3.591,3591,0.602732
3.592,3592,0.602732
3.593,3593,0.602733
3.594,3594,0.602733
3.595,3595,0.602733
3.596,3596,0.602734
3.597,3597,0.602734
3.598,3598,0.602734
3.599,3599,0.602735
3.6,3600,0.602735
3.601,3601,0.602735
3.602,3602,0.602735
3.603,3603,0.602735
3.604,3604,0.602736
3.605,3605,0.602736
3.606,3606,0.602736
3.607,3607,0.602736
3.608,3608,0.602736
3.609,3609,0.602736
3.61,3610,0.602736
3.611,3611,0.602736
3.612,3612,0.602736
3.613,3613,0.602736
3.614,3614,0.602736
3.615,3615,0.602736
3.616,3616,0.602736
3.617,3617,0.602736
3.618,3618,0.602736
3.619,3619,0.602735
3.62,3620,0.602735
3.621,3621,0.602735
3.622,3622,0.602735
3.623,3623,0.602735
3.624,3624,0.602734
3.625,3625,0.602734
3.626,3626,0.602734
3.627,3627,0.602733
3.628,3628,0.602733
3.629,3629,0.602733
3.63,3630,0.602732
3.631,3631,0.602732
3.632,3632,0.602731
3.633,3633,0.602731
3.634,3634,0.60273
3.635,3635,0.60273
3.636,3636,0.602729
3.637,3637,0.602729
3.638,3638,0.602728
3.639,3639,0.602728
3.64,3640,0.602727
3.641,3641,0.602726
3.642,3642,0.602726
3.643,3643,0.602725
3.644,3644,0.602724
3.645,3645,0.602724
3.646,3646,0.602723
3.647,3647,0.602722
3.648,3648,0.602721
3.649,3649,0.60272
3.65,3650,0.60272
3.651,3651,0.602719
3.652,3652,0.602718
3.653,3653,0.602717
3.654,3654,0.602716
3.655,3655,0.602715
3.656,3656,0.602714
3.657,3657,0.602713
3.658,3658,0.602712
3.659,3659,0.602711
3.66,3660,0.60271
3.661,3661,0.602709
3.662,3662,0.602708
3.663,3663,0.602707
3.664,3664,0.602706
3.665,3665,0.602705
3.666,3666,0.602704
3.667,3667,0.602703
3.668,3668,0.602702
3.669,3669,0.6027
3.67,3670,0.602699
3.671,3671,0.602698
3.672,3672,0.602697
3.673,3673,0.602696
3.674,3674,0.602694
3.675,3675,0.602693
3.676,3676,0.602692
3.677,3677,0.60269
3.678,3678,0.602689
3.679,3679,0.602688
3.68,3680,0.602686
3.681,3681,0.602685
3.682,3682,0.602683
3.683,3683,0.602682
3.684,3684,0.602681
3.685,3685,0.602679
3.686,3686,0.602678
3.687,3687,0.602676
3.688,3688,0.602675
3.689,3689,0.602673
3.69,3690,0.602672
3.691,3691,0.60267
3.692,3692,0.602668
3.693,3693,0.602667
3.694,3694,0.602665
3.695,3695,0.602664
3.696,3696,0.602662
3.697,3697,0.60266
3.698,3698,0.602659
3.699,3699,0.602657
3.7,3700,0.602655
3.701,3701,0.602653
3.702,3702,0.602652
3.703,3703,0.60265
3.704,3704,0.602648
3.705,3705,0.602646
3.706,3706,0.602645
3.707,3707,0.602643
3.708,3708,0.602641
3.709,3709,0.602639
3.71,3710,0.602637
3.711,3711,0.602635
3.712,3712,0.602633
3.713,3713,0.602631
3.714,3714,0.60263
3.715,3715,0.602628
3.716,3716,0.602626
3.717,3717,0.602624
3.718,3718,0.602622
3.719,3719,0.60262
3.72,3720,0.602618
3.721,3721,0.602616
3.722,3722,0.602614
3.723,3723,0.602612
3.724,3724,0.602609
3.725,3725,0.602607
3.726,3726,0.602605
3.727,3727,0.602603
3.728,3728,0.602601
3.729,3729,0.602599
3.73,3730,0.602597
3.731,3731,0.602595
3.732,3732,0.602592
3.733,3733,0.60259
3.734,3734,0.602588
3.735,3735,0.602586
3.736,3736,0.602584
3.737,3737,0.602581
3.738,3738,0.602579
3.739,3739,0.602577
3.74,3740,0.602575
3.741,3741,0.602572
3.742,3742,0.60257
3.743,3743,0.602568
3.744,3744,0.602565
3.745,3745,0.602563
3.746,3746,0.602561
3.747,3747,0.602558
3.748,3748,0.602556
3.749,3749,0.602554
3.75,3750,0.602551
3.751,3751,0.602549
3.752,3752,0.602547
3.753,3753,0.602544
3.754,3754,0.602542
3.755,3755,0.602539
3.756,3756,0.602537
3.757,3757,0.602534
3.758,3758,0.602532
3.759,3759,0.602529
3.76,3760,0.602527
3.761,3761,0.602524
3.762,3762,0.602522
3.763,3763,0.602519
3.764,3764,0.602517
3.765,3765,0.602514
3.766,3766,0.602512
3.767,3767,0.602509
3.768,3768,0.602507
3.769,3769,0.602504
3.77,3770,0.602502
3.771,3771,0.602499
3.772,3772,0.602496
3.773,3773,0.602494
3.774,3774,0.602491
3.775,3775,0.602489
3.776,3776,0.602486
3.777,3777,0.602483
3.778,3778,0.602481
3.779,3779,0.602478
3.78,3780,0.602475
3.781,3781,0.602473
3.782,3782,0.60247
3.783,3783,0.602467
3.784,3784,0.602465
3.785,3785,0.602462
3.786,3786,0.602459
3.787,3787,0.602457
3.788,3788,0.602454
3.789,3789,0.602451
3.79,3790,0.602448
3.791,3791,0.602446
3.792,3792,0.602443
3.793,3793,0.60244
3.794,3794,0.602437
3.795,3795,0.602435
3.796,3796,0.602432
3.797,3797,0.602429
3.798,3798,0.602426
3.799,3799,0.602424
3.8,3800,0.602421
3.801,3801,0.602418
3.802,3802,0.602415
3.803,3803,0.602412
3.804,3804,0.602409
3.805,3805,0.602407
3.806,3806,0.602404
3.807,3807,0.602401
3.808,3808,0.602398
3.809,3809,0.602395
3.81,3810,0.602393
3.811,3811,0.60239
3.812,3812,0.602387
3.813,3813,0.602384
3.814,3814,0.602381
3.815,3815,0.602378
3.816,3816,0.602375
3.817,3817,0.602373
3.818,3818,0.60237
3.819,3819,0.602367
3.82,3820,0.602364
3.821,3821,0.602361
3.822,3822,0.602358
3.823,3823,0.602355
3.824,3824,0.602352
3.825,3825,0.602349
3.826,3826,0.602347
3.827,3827,0.602344
3.828,3828,0.602341
3.829,3829,0.602338
3.83,3830,0.602335
3.831,3831,0.602332
3.832,3832,0.602329
3.833,3833,0.602326
3.834,3834,0.602323
3.835,3835,0.60232
3.836,3836,0.602317
3.837,3837,0.602315
3.838,3838,0.602312
3.839,3839,0.602309
3.84,3840,0.602306
3.841,3841,0.602303
3.842,3842,0.6023
3.843,3843,0.602297
3.844,3844,0.602294
3.845,3845,0.602291
3.846,3846,0.602288
3.847,3847,0.602285
3.848,3848,0.602282
3.849,3849,0.602279
3.85,3850,0.602276
3.851,3851,0.602274
3.852,3852,0.602271
3.853,3853,0.602268
3.854,3854,0.602265
3.855,3855,0.602262
3.856,3856,0.602259
3.857,3857,0.602256
3.858,3858,0.602253
3.859,3859,0.60225
3.86,3860,0.602247
3.861,3861,0.602244
3.862,3862,0.602241
3.863,3863,0.602238
3.864,3864,0.602235
3.865,3865,0.602233
3.866,3866,0.60223
3.867,3867,0.602227
3.868,3868,0.602224
3.869,3869,0.602221
3.87,3870,0.602218
3.871,3871,0.602215
3.872,3872,0.602212
3.873,3873,0.602209
3.874,3874,0.602206
3.875,3875,0.602203
3.876,3876,0.6022
3.877,3877,0.602198
3.878,3878,0.602195
3.879,3879,0.602192
3.88,3880,0.602189
3.881,3881,0.602186
3.882,3882,0.602183
3.883,3883,0.60218
3.884,3884,0.602177
3.885,3885,0.602174
3.886,3886,0.602172
3.887,3887,0.602169
3.888,3888,0.602166
3.889,3889,0.602163
3.89,3890,0.60216
3.891,3891,0.602157
3.892,3892,0.602154
3.893,3893,0.602152
3.894,3894,0.602149
3.895,3895,0.602146
3.896,3896,0.602143
3.897,3897,0.60214
3.898,3898,0.602137
3.899,3899,0.602135
3.9,3900,0.602132
3.901,3901,0.602129
3.902,3902,0.602126
3.903,3903,0.602123
3.904,3904,0.60212
3.905,3905,0.602118
3.906,3906,0.602115
3.907,3907,0.602112
3.908,3908,0.602109
3.909,3909,0.602107
3.91,3910,0.602104
3.911,3911,0.602101
3.912,3912,0.602098
3.913,3913,0.602095
3.914,3914,0.602093
3.915,3915,0.60209
3.916,3916,0.602087
3.917,3917,0.602084
3.918,3918,0.602082
3.919,3919,0.602079
3.92,3920,0.602076
3.921,3921,0.602074
3.922,3922,0.602071
3.923,3923,0.602068
3.924,3924,0.602066
3.925,3925,0.602063
3.926,3926,0.60206
3.927,3927,0.602058
3.928,3928,0.602055
3.929,3929,0.602052
3.93,3930,0.60205
3.931,3931,0.602047
3.932,3932,0.602044
3.933,3933,0.602042
3.934,3934,0.602039
3.935,3935,0.602036
3.936,3936,0.602034
3.937,3937,0.602031
3.938,3938,0.602029
3.939,3939,0.602026
3.94,3940,0.602023
3.941,3941,0.602021
3.942,3942,0.602018
3.943,3943,0.602016
3.944,3944,0.602013
3.945,3945,0.602011
3.946,3946,0.602008
3.947,3947,0.602006
3.948,3948,0.602003
3.949,3949,0.602001
3.95,3950,0.601998
3.951,3951,0.601996
3.952,3952,0.601993
3.953,3953,0.601991
3.954,3954,0.601988
3.955,3955,0.601986
3.956,3956,0.601983
3.957,3957,0.601981
3.958,3958,0.601979
3.959,3959,0.601976
3.96,3960,0.601974
3.961,3961,0.601971
3.962,3962,0.601969
3.963,3963,0.601967
3.964,3964,0.601964
3.965,3965,0.601962
3.966,3966,0.60196
3.967,3967,0.601957
3.968,3968,0.601955
3.969,3969,0.601953
3.97,3970,0.60195
3.971,3971,0.601948
3.972,3972,0.601946
3.973,3973,0.601943
3.974,3974,0.601941
3.975,3975,0.601939
3.976,3976,0.601937
3.977,3977,0.601934
3.978,3978,0.601932
3.979,3979,0.60193
3.98,3980,0.601928
3.981,3981,0.601925
3.982,3982,0.601923
3.983,3983,0.601921
3.984,3984,0.601919
3.985,3985,0.601917
3.986,3986,0.601915
3.987,3987,0.601913
3.988,3988,0.60191
3.989,3989,0.601908
3.99,3990,0.601906
3.991,3991,0.601904
3.992,3992,0.601902
3.993,3993,0.6019
3.994,3994,0.601898
3.995,3995,0.601896
3.996,3996,0.601894
3.997,3997,0.601892
3.998,3998,0.60189
3.999,3999,0.601888
4,4000,0.601886
4.001,4001,0.601884
4.002,4002,0.601882
4.003,4003,0.60188
4.004,4004,0.601878
4.005,4005,0.601876
4.006,4006,0.601874
4.007,4007,0.601872
4.008,4008,0.60187
4.009,4009,0.601868
4.01,4010,0.601866
4.011,4011,0.601865
4.012,4012,0.601863
4.013,4013,0.601861
4.014,4014,0.601859
4.015,4015,0.601857
4.016,4016,0.601855
4.017,4017,0.601854
4.018,4018,0.601852
4.019,4019,0.60185
4.02,4020,0.601848
4.021,4021,0.601847
4.022,4022,0.601845
4.023,4023,0.601843
4.024,4024,0.601841
4.025,4025,0.60184
4.026,4026,0.601838
4.027,4027,0.601836
4.028,4028,0.601835
4.029,4029,0.601833
4.03,4030,0.601831
4.031,4031,0.60183
4.032,4032,0.601828
4.033,4033,0.601827
4.034,4034,0.601825
4.035,4035,0.601823
4.036,4036,0.601822
4.037,4037,0.60182
4.038,4038,0.601819
4.039,4039,0.601817
4.04,4040,0.601816
4.041,4041,0.601814
4.042,4042,0.601813
4.043,4043,0.601811
4.044,4044,0.60181
4.045,4045,0.601808
4.046,4046,0.601807
4.047,4047,0.601806
4.048,4048,0.601804
4.049,4049,0.601803
4.05,4050,0.601801
4.051,4051,0.6018
4.052,4052,0.601799
4.053,4053,0.601797
4.054,4054,0.601796
4.055,4055,0.601795
4.056,4056,0.601793
4.057,4057,0.601792
4.058,4058,0.601791
4.059,4059,0.60179
4.06,4060,0.601788
4.061,4061,0.601787
4.062,4062,0.601786
4.063,4063,0.601785
4.064,4064,0.601783
4.065,4065,0.601782
4.066,4066,0.601781
4.067,4067,0.60178
4.068,4068,0.601779
4.069,4069,0.601778
4.07,4070,0.601777
4.071,4071,0.601775
4.072,4072,0.601774
4.073,4073,0.601773
4.074,4074,0.601772
4.075,4075,0.601771
4.076,4076,0.60177
4.077,4077,0.601769
4.078,4078,0.601768
4.079,4079,0.601767
4.08,4080,0.601766
4.081,4081,0.601765
4.082,4082,0.601764
4.083,4083,0.601763
4.084,4084,0.601762
4.085,4085,0.601761
4.086,4086,0.60176
4.087,4087,0.60176
4.088,4088,0.601759
4.089,4089,0.601758
4.09,4090,0.601757
4.091,4091,0.601756
4.092,4092,0.601755
4.093,4093,0.601754
4.094,4094,0.601754
4.095,4095,0.601753
4.096,4096,0.601752
4.097,4097,0.601751
4.098,4098,0.601751
4.099,4099,0.60175
4.1,4100,0.601749
4.101,4101,0.601748
4.102,4102,0.601748
4.103,4103,0.601747
4.104,4104,0.601746
4.105,4105,0.601746
4.106,4106,0.601745
4.107,4107,0.601745
4.108,4108,0.601744
4.109,4109,0.601743
4.11,4110,0.601743
4.111,4111,0.601742
4.112,4112,0.601742
4.113,4113,0.601741
4.114,4114,0.601741
4.115,4115,0.60174
4.116,4116,0.601739
4.117,4117,0.601739
4.118,4118,0.601739
4.119,4119,0.601738
4.12,4120,0.601738
4.121,4121,0.601737
4.122,4122,0.601737
4.123,4123,0.601736
4.124,4124,0.601736
4.125,4125,0.601736
4.126,4126,0.601735
4.127,4127,0.601735
4.128,4128,0.601734
4.129,4129,0.601734
4.13,4130,0.601734
4.131,4131,0.601734
4.132,4132,0.601733
4.133,4133,0.601733
4.134,4134,0.601733
4.135,4135,0.601732
4.136,4136,0.601732
4.137,4137,0.601732
4.138,4138,0.601732
4.139,4139,0.601732
4.14,4140,0.601731
4.141,4141,0.601731
4.142,4142,0.601731
4.143,4143,0.601731
4.144,4144,0.601731
4.145,4145,0.601731
4.146,4146,0.60173
4.147,4147,0.60173
4.148,4148,0.60173
4.149,4149,0.60173
4.15,4150,0.60173
4.151,4151,0.60173
4.152,4152,0.60173
4.153,4153,0.60173
4.154,4154,0.60173
4.155,4155,0.60173
4.156,4156,0.60173
4.157,4157,0.60173
4.158,4158,0.60173
4.159,4159,0.60173
4.16,4160,0.60173
4.161,4161,0.60173
4.162,4162,0.60173
4.163,4163,0.601731
4.164,4164,0.601731
4.165,4165,0.601731
4.166,4166,0.601731
4.167,4167,0.601731
4.168,4168,0.601731
4.169,4169,0.601731
4.17,4170,0.601732
4.171,4171,0.601732
4.172,4172,0.601732
4.173,4173,0.601732
4.174,4174,0.601732
4.175,4175,0.601733
4.176,4176,0.601733
4.177,4177,0.601733
4.178,4178,0.601733
4.179,4179,0.601734
4.18,4180,0.601734
4.181,4181,0.601734
4.182,4182,0.601735
4.183,4183,0.601735
4.184,4184,0.601735
4.185,4185,0.601736
4.186,4186,0.601736
4.187,4187,0.601737
4.188,4188,0.601737
4.189,4189,0.601737
4.19,4190,0.601738
4.191,4191,0.601738
4.192,4192,0.601739
4.193,4193,0.601739
4.194,4194,0.60174
4.195,4195,0.60174
4.196,4196,0.601741
4.197,4197,0.601741
4.198,4198,0.601742
4.199,4199,0.601742
4.2,4200,0.601743
4.201,4201,0.601743
4.202,4202,0.601744
4.203,4203,0.601744
4.204,4204,0.601745
4.205,4205,0.601745
4.206,4206,0.601746
4.207,4207,0.601747
4.208,4208,0.601747
4.209,4209,0.601748
4.21,4210,0.601749
4.211,4211,0.601749
4.212,4212,0.60175
4.213,4213,0.601751
4.214,4214,0.601751
4.215,4215,0.601752
4.216,4216,0.601753
4.217,4217,0.601753
4.218,4218,0.601754
4.219,4219,0.601755
4.22,4220,0.601756
4.221,4221,0.601756
4.222,4222,0.601757
4.223,4223,0.601758
4.224,4224,0.601759
4.225,4225,0.601759
4.226,4226,0.60176
4.227,4227,0.601761
4.228,4228,0.601762
4.229,4229,0.601763
4.23,4230,0.601764
4.231,4231,0.601764
4.232,4232,0.601765
4.233,4233,0.601766
4.234,4234,0.601767
4.235,4235,0.601768
4.236,4236,0.601769
4.237,4237,0.60177
4.238,4238,0.601771
4.239,4239,0.601772
4.24,4240,0.601773
4.241,4241,0.601774
4.242,4242,0.601774
4.243,4243,0.601775
4.244,4244,0.601776
4.245,4245,0.601777
4.246,4246,0.601778
4.247,4247,0.601779
4.248,4248,0.60178
4.249,4249,0.601781
4.25,4250,0.601782
4.251,4251,0.601783
4.252,4252,0.601785
4.253,4253,0.601786
4.254,4254,0.601787
4.255,4255,0.601788
4.256,4256,0.601789
4.257,4257,0.60179
4.258,4258,0.601791
4.259,4259,0.601792
4.26,4260,0.601793
4.261,4261,0.601794
4.262,4262,0.601795
4.263,4263,0.601797
4.264,4264,0.601798
4.265,4265,0.601799
4.266,4266,0.6018
4.267,4267,0.601801
4.268,4268,0.601802
4.269,4269,0.601804
4.27,4270,0.601805
4.271,4271,0.601806
4.272,4272,0.601807
4.273,4273,0.601808
4.274,4274,0.60181
4.275,4275,0.601811
4.276,4276,0.601812
4.277,4277,0.601813
4.278,4278,0.601815
4.279,4279,0.601816
4.28,4280,0.601817
4.281,4281,0.601818
4.282,4282,0.60182
4.283,4283,0.601821
4.284,4284,0.601822
4.285,4285,0.601823
4.286,4286,0.601825
4.287,4287,0.601826
4.288,4288,0.601827
4.289,4289,0.601829
4.29,4290,0.60183
4.291,4291,0.601831
4.292,4292,0.601833
4.293,4293,0.601834
4.294,4294,0.601835
4.295,4295,0.601837
4.296,4296,0.601838
4.297,4297,0.601839
4.298,4298,0.601841
4.299,4299,0.601842
4.3,4300,0.601844
4.301,4301,0.601845
4.302,4302,0.601846
4.303,4303,0.601848
4.304,4304,0.601849
4.305,4305,0.601851
4.306,4306,0.601852
4.307,4307,0.601854
4.308,4308,0.601855
4.309,4309,0.601856
4.31,4310,0.601858
4.311,4311,0.601859
4.312,4312,0.601861
4.313,4313,0.601862
4.314,4314,0.601864
4.315,4315,0.601865
4.316,4316,0.601867
4.317,4317,0.601868
4.318,4318,0.60187
4.319,4319,0.601871
4.32,4320,0.601873
4.321,4321,0.601874
4.322,4322,0.601876
4.323,4323,0.601877
4.324,4324,0.601879
4.325,4325,0.60188
4.326,4326,0.601882
4.327,4327,0.601883
4.328,4328,0.601885
4.329,4329,0.601886
4.33,4330,0.601888
4.331,4331,0.601889
4.332,4332,0.601891
4.333,4333,0.601892
4.334,4334,0.601894
4.335,4335,0.601895
4.336,4336,0.601897
4.337,4337,0.601899
4.338,4338,0.6019
4.339,4339,0.601902
4.34,4340,0.601903
4.341,4341,0.601905
4.342,4342,0.601906
4.343,4343,0.601908
4.344,4344,0.60191
4.345,4345,0.601911
4.346,4346,0.601913
4.347,4347,0.601914
4.348,4348,0.601916
4.349,4349,0.601918
4.35,4350,0.601919
4.351,4351,0.601921
4.352,4352,0.601922
4.353,4353,0.601924
4.354,4354,0.601926
4.355,4355,0.601927
4.356,4356,0.601929
4.357,4357,0.60193
4.358,4358,0.601932
4.359,4359,0.601934
4.36,4360,0.601935
4.361,4361,0.601937
4.362,4362,0.601939
4.363,4363,0.60194
4.364,4364,0.601942
4.365,4365,0.601943
4.366,4366,0.601945
4.367,4367,0.601947
4.368,4368,0.601948
4.369,4369,0.60195
4.37,4370,0.601952
4.371,4371,0.601953
4.372,4372,0.601955
4.373,4373,0.601957
4.374,4374,0.601958
4.375,4375,0.60196
4.376,4376,0.601962
4.377,4377,0.601963
4.378,4378,0.601965
4.379,4379,0.601966
4.38,4380,0.601968
4.381,4381,0.60197
4.382,4382,0.601971
4.383,4383,0.601973
4.384,4384,0.601975
4.385,4385,0.601976
4.386,4386,0.601978
4.387,4387,0.60198
4.388,4388,0.601981
4.389,4389,0.601983
4.39,4390,0.601985
4.391,4391,0.601986
4.392,4392,0.601988
4.393,4393,0.60199
4.394,4394,0.601991
4.395,4395,0.601993
4.396,4396,0.601995
4.397,4397,0.601996
4.398,4398,0.601998
4.399,4399,0.602
4.4,4400,0.602001
4.401,4401,0.602003
4.402,4402,0.602005
4.403,4403,0.602006
4.404,4404,0.602008
4.405,4405,0.60201
4.406,4406,0.602011
4.407,4407,0.602013
4.408,4408,0.602015
4.409,4409,0.602016
4.41,4410,0.602018
4.411,4411,0.60202
4.412,4412,0.602021
4.413,4413,0.602023
4.414,4414,0.602025
4.415,4415,0.602026
4.416,4416,0.602028
4.417,4417,0.602029
4.418,4418,0.602031
4.419,4419,0.602033
4.42,4420,0.602034
4.421,4421,0.602036
4.422,4422,0.602038
4.423,4423,0.602039
4.424,4424,0.602041
4.425,4425,0.602043
4.426,4426,0.602044
4.427,4427,0.602046
4.428,4428,0.602048
4.429,4429,0.602049
4.43,4430,0.602051
4.431,4431,0.602052
4.432,4432,0.602054
4.433,4433,0.602056
4.434,4434,0.602057
4.435,4435,0.602059
4.436,4436,0.602061
4.437,4437,0.602062
4.438,4438,0.602064
4.439,4439,0.602065
4.44,4440,0.602067
4.441,4441,0.602069
4.442,4442,0.60207
4.443,4443,0.602072
4.444,4444,0.602073
4.445,4445,0.602075
4.446,4446,0.602077
4.447,4447,0.602078
4.448,4448,0.60208
4.449,4449,0.602081
4.45,4450,0.602083
4.451,4451,0.602085
4.452,4452,0.602086
4.453,4453,0.602088
4.454,4454,0.602089
4.455,4455,0.602091
4.456,4456,0.602092
4.457,4457,0.602094
4.458,4458,0.602095
4.459,4459,0.602097
4.46,4460,0.602099
4.461,4461,0.6021
4.462,4462,0.602102
4.463,4463,0.602103
4.464,4464,0.602105
4.465,4465,0.602106
4.466,4466,0.602108
4.467,4467,0.602109
4.468,4468,0.602111
4.469,4469,0.602112
4.47,4470,0.602114
4.471,4471,0.602115
4.472,4472,0.602117
4.473,4473,0.602118
4.474,4474,0.60212
4.475,4475,0.602121
4.476,4476,0.602123
4.477,4477,0.602124
4.478,4478,0.602126
4.479,4479,0.602127
4.48,4480,0.602129
4.481,4481,0.60213
4.482,4482,0.602132
4.483,4483,0.602133
4.484,4484,0.602135
4.485,4485,0.602136
4.486,4486,0.602138
4.487,4487,0.602139
4.488,4488,0.60214
4.489,4489,0.602142
4.49,4490,0.602143
4.491,4491,0.602145
4.492,4492,0.602146
4.493,4493,0.602148
4.494,4494,0.602149
4.495,4495,0.60215
4.496,4496,0.602152
4.497,4497,0.602153
4.498,4498,0.602155
4.499,4499,0.602156
4.5,4500,0.602157
4.501,4501,0.602159
4.502,4502,0.60216
4.503,4503,0.602161
4.504,4504,0.602163
4.505,4505,0.602164
4.506,4506,0.602166
4.507,4507,0.602167
4.508,4508,0.602168
4.509,4509,0.60217
4.51,4510,0.602171
4.511,4511,0.602172
4.512,4512,0.602174
4.513,4513,0.602175
4.514,4514,0.602176
4.515,4515,0.602177
4.516,4516,0.602179
4.517,4517,0.60218
4.518,4518,0.602181
4.519,4519,0.602183
4.52,4520,0.602184
4.521,4521,0.602185
4.522,4522,0.602186
4.523,4523,0.602188
4.524,4524,0.602189
4.525,4525,0.60219
4.526,4526,0.602191
4.527,4527,0.602193
4.528,4528,0.602194
4.529,4529,0.602195
4.53,4530,0.602196
4.531,4531,0.602197
4.532,4532,0.602199
4.533,4533,0.6022
4.534,4534,0.602201
4.535,4535,0.602202
4.536,4536,0.602203
4.537,4537,0.602205
4.538,4538,0.602206
4.539,4539,0.602207
4.54,4540,0.602208
4.541,4541,0.602209
4.542,4542,0.60221
4.543,4543,0.602212
4.544,4544,0.602213
4.545,4545,0.602214
4.546,4546,0.602215
4.547,4547,0.602216
4.548,4548,0.602217
4.549,4549,0.602218
4.55,4550,0.602219
4.551,4551,0.60222
4.552,4552,0.602221
4.553,4553,0.602222
4.554,4554,0.602224
4.555,4555,0.602225
4.556,4556,0.602226
4.557,4557,0.602227
4.558,4558,0.602228
4.559,4559,0.602229
4.56,4560,0.60223
4.561,4561,0.602231
4.562,4562,0.602232
4.563,4563,0.602233
4.564,4564,0.602234
4.565,4565,0.602235
4.566,4566,0.602236
4.567,4567,0.602237
4.568,4568,0.602238
4.569,4569,0.602239
4.57,4570,0.60224
4.571,4571,0.602241
4.572,4572,0.602241
4.573,4573,0.602242
4.574,4574,0.602243
4.575,4575,0.602244
4.576,4576,0.602245
4.577,4577,0.602246
4.578,4578,0.602247
4.579,4579,0.602248
4.58,4580,0.602249
4.581,4581,0.60225
4.582,4582,0.60225
4.583,4583,0.602251
4.584,4584,0.602252
4.585,4585,0.602253
4.586,4586,0.602254
4.587,4587,0.602255
4.588,4588,0.602256
4.589,4589,0.602256
4.59,4590,0.602257
4.591,4591,0.602258
4.592,4592,0.602259
4.593,4593,0.60226
4.594,4594,0.60226
4.595,4595,0.602261
4.596,4596,0.602262
4.597,4597,0.602263
4.598,4598,0.602263
4.599,4599,0.602264
4.6,4600,0.602265
4.601,4601,0.602266
4.602,4602,0.602266
4.603,4603,0.602267
4.604,4604,0.602268
4.605,4605,0.602268
4.606,4606,0.602269
4.607,4607,0.60227
4.608,4608,0.60227
4.609,4609,0.602271
4.61,4610,0.602272
4.611,4611,0.602272
4.612,4612,0.602273
4.613,4613,0.602274
4.614,4614,0.602274
4.615,4615,0.602275
4.616,4616,0.602276
4.617,4617,0.602276
4.618,4618,0.602277
4.619,4619,0.602277
4.62,4620,0.602278
4.621,4621,0.602279
4.622,4622,0.602279
4.623,4623,0.60228
4.624,4624,0.60228
4.625,4625,0.602281
4.626,4626,0.602281
4.627,4627,0.602282
4.628,4628,0.602282
4.629,4629,0.602283
4.63,4630,0.602283
4.631,4631,0.602284
4.632,4632,0.602284
4.633,4633,0.602285
4.634,4634,0.602285
4.635,4635,0.602286
4.636,4636,0.602286
4.637,4637,0.602287
4.638,4638,0.602287
4.639,4639,0.602288
4.64,4640,0.602288
4.641,4641,0.602289
4.642,4642,0.602289
4.643,4643,0.602289
4.644,4644,0.60229
4.645,4645,0.60229
4.646,4646,0.602291
4.647,4647,0.602291
4.648,4648,0.602291
4.649,4649,0.602292
4.65,4650,0.602292
4.651,4651,0.602292
4.652,4652,0.602293
4.653,4653,0.602293
4.654,4654,0.602293
4.655,4655,0.602294
4.656,4656,0.602294
4.657,4657,0.602294
4.658,4658,0.602295
4.659,4659,0.602295
4.66,4660,0.602295
4.661,4661,0.602295
4.662,4662,0.602296
4.663,4663,0.602296
4.664,4664,0.602296
4.665,4665,0.602296
4.666,4666,0.602297
4.667,4667,0.602297
4.668,4668,0.602297
4.669,4669,0.602297
4.67,4670,0.602298
4.671,4671,0.602298
4.672,4672,0.602298
4.673,4673,0.602298
4.674,4674,0.602298
4.675,4675,0.602299
4.676,4676,0.602299
4.677,4677,0.602299
4.678,4678,0.602299
4.679,4679,0.602299
4.68,4680,0.602299
4.681,4681,0.602299
4.682,4682,0.6023
4.683,4683,0.6023
4.684,4684,0.6023
4.685,4685,0.6023
4.686,4686,0.6023
4.687,4687,0.6023
4.688,4688,0.6023
4.689,4689,0.6023
4.69,4690,0.6023
4.691,4691,0.6023
4.692,4692,0.6023
4.693,4693,0.6023
4.694,4694,0.6023
4.695,4695,0.6023
4.696,4696,0.6023
4.697,4697,0.6023
4.698,4698,0.6023
4.699,4699,0.6023
4.7,4700,0.6023
4.701,4701,0.6023
4.702,4702,0.6023
4.703,4703,0.6023
4.704,4704,0.6023
4.705,4705,0.6023
4.706,4706,0.6023
4.707,4707,0.6023
4.708,4708,0.6023
4.709,4709,0.6023
4.71,4710,0.6023
4.711,4711,0.6023
4.712,4712,0.6023
4.713,4713,0.6023
4.714,4714,0.6023
4.715,4715,0.602299
4.716,4716,0.602299
4.717,4717,0.602299
4.718,4718,0.602299
4.719,4719,0.602299
4.72,4720,0.602299
4.721,4721,0.602299
4.722,4722,0.602298
4.723,4723,0.602298
4.724,4724,0.602298
4.725,4725,0.602298
4.726,4726,0.602298
4.727,4727,0.602297
4.728,4728,0.602297
4.729,4729,0.602297
4.73,4730,0.602297
4.731,4731,0.602297
4.732,4732,0.602296
4.733,4733,0.602296
4.734,4734,0.602296
4.735,4735,0.602296
4.736,4736,0.602295
4.737,4737,0.602295
4.738,4738,0.602295
4.739,4739,0.602295
4.74,4740,0.602294
4.741,4741,0.602294
4.742,4742,0.602294
4.743,4743,0.602293
4.744,4744,0.602293
4.745,4745,0.602293
4.746,4746,0.602293
4.747,4747,0.602292
4.748,4748,0.602292
4.749,4749,0.602292
4.75,4750,0.602291
4.751,4751,0.602291
4.752,4752,0.60229
4.753,4753,0.60229
4.754,4754,0.60229
4.755,4755,0.602289
4.756,4756,0.602289
4.757,4757,0.602289
4.758,4758,0.602288
4.759,4759,0.602288
4.76,4760,0.602287
4.761,4761,0.602287
4.762,4762,0.602287
4.763,4763,0.602286
4.764,4764,0.602286
4.765,4765,0.602285
4.766,4766,0.602285
4.767,4767,0.602284
4.768,4768,0.602284
4.769,4769,0.602284
4.77,4770,0.602283
4.771,4771,0.602283
4.772,4772,0.602282
4.773,4773,0.602282
4.774,4774,0.602281
4.775,4775,0.602281
4.776,4776,0.60228
4.777,4777,0.60228
4.778,4778,0.602279
4.779,4779,0.602279
4.78,4780,0.602278
4.781,4781,0.602278
4.782,4782,0.602277
4.783,4783,0.602277
4.784,4784,0.602276
4.785,4785,0.602276
4.786,4786,0.602275
4.787,4787,0.602274
4.788,4788,0.602274
4.789,4789,0.602273
4.79,4790,0.602273
4.791,4791,0.602272
4.792,4792,0.602272
4.793,4793,0.602271
4.794,4794,0.60227
4.795,4795,0.60227
4.796,4796,0.602269
4.797,4797,0.602269
4.798,4798,0.602268
4.799,4799,0.602267
4.8,4800,0.602267
4.801,4801,0.602266
4.802,4802,0.602266
4.803,4803,0.602265
4.804,4804,0.602264
4.805,4805,0.602264
4.806,4806,0.602263
4.807,4807,0.602262
4.808,4808,0.602262
4.809,4809,0.602261
4.81,4810,0.60226
4.811,4811,0.60226
4.812,4812,0.602259
4.813,4813,0.602258
4.814,4814,0.602258
4.815,4815,0.602257
4.816,4816,0.602256
4.817,4817,0.602256
4.818,4818,0.602255
4.819,4819,0.602254
4.82,4820,0.602254
4.821,4821,0.602253
4.822,4822,0.602252
4.823,4823,0.602252
4.824,4824,0.602251
4.825,4825,0.60225
4.826,4826,0.602249
4.827,4827,0.602249
4.828,4828,0.602248
4.829,4829,0.602247
4.83,4830,0.602246
4.831,4831,0.602246
4.832,4832,0.602245
4.833,4833,0.602244
4.834,4834,0.602243
4.835,4835,0.602243
4.836,4836,0.602242
4.837,4837,0.602241
4.838,4838,0.60224
4.839,4839,0.60224
4.84,4840,0.602239
4.841,4841,0.602238
4.842,4842,0.602237
4.843,4843,0.602236
4.844,4844,0.602236
4.845,4845,0.602235
4.846,4846,0.602234
4.847,4847,0.602233
4.848,4848,0.602233
4.849,4849,0.602232
4.85,4850,0.602231
4.851,4851,0.60223
4.852,4852,0.602229
4.853,4853,0.602228
4.854,4854,0.602228
4.855,4855,0.602227
4.856,4856,0.602226
4.857,4857,0.602225
4.858,4858,0.602224
4.859,4859,0.602224
4.86,4860,0.602223
4.861,4861,0.602222
4.862,4862,0.602221
4.863,4863,0.60222
4.864,4864,0.602219
4.865,4865,0.602218
4.866,4866,0.602218
4.867,4867,0.602217
4.868,4868,0.602216
4.869,4869,0.602215
4.87,4870,0.602214
4.871,4871,0.602213
4.872,4872,0.602212
4.873,4873,0.602212
4.874,4874,0.602211
4.875,4875,0.60221
4.876,4876,0.602209
4.877,4877,0.602208
4.878,4878,0.602207
4.879,4879,0.602206
4.88,4880,0.602205
4.881,4881,0.602205
4.882,4882,0.602204
4.883,4883,0.602203
4.884,4884,0.602202
4.885,4885,0.602201
4.886,4886,0.6022
4.887,4887,0.602199
4.888,4888,0.602198
4.889,4889,0.602197
4.89,4890,0.602196
4.891,4891,0.602196
4.892,4892,0.602195
4.893,4893,0.602194
4.894,4894,0.602193
4.895,4895,0.602192
4.896,4896,0.602191
4.897,4897,0.60219
4.898,4898,0.602189
4.899,4899,0.602188
4.9,4900,0.602187
4.901,4901,0.602186
4.902,4902,0.602186
4.903,4903,0.602185
4.904,4904,0.602184
4.905,4905,0.602183
4.906,4906,0.602182
4.907,4907,0.602181
4.908,4908,0.60218
4.909,4909,0.602179
4.91,4910,0.602178
4.911,4911,0.602177
4.912,4912,0.602176
4.913,4913,0.602175
4.914,4914,0.602174
4.915,4915,0.602173
4.916,4916,0.602173
4.917,4917,0.602172
4.918,4918,0.602171
4.919,4919,0.60217
4.92,4920,0.602169
4.921,4921,0.602168
4.922,4922,0.602167
4.923,4923,0.602166
4.924,4924,0.602165
4.925,4925,0.602164
4.926,4926,0.602163
4.927,4927,0.602162
4.928,4928,0.602161
4.929,4929,0.60216
4.93,4930,0.602159
4.931,4931,0.602158
4.932,4932,0.602158
4.933,4933,0.602157
4.934,4934,0.602156
4.935,4935,0.602155
4.936,4936,0.602154
4.937,4937,0.602153
4.938,4938,0.602152
4.939,4939,0.602151
4.94,4940,0.60215
4.941,4941,0.602149
4.942,4942,0.602148
4.943,4943,0.602147
4.944,4944,0.602146
4.945,4945,0.602145
4.946,4946,0.602144
4.947,4947,0.602143
4.948,4948,0.602142
4.949,4949,0.602142
4.95,4950,0.602141
4.951,4951,0.60214
4.952,4952,0.602139
4.953,4953,0.602138
4.954,4954,0.602137
4.955,4955,0.602136
4.956,4956,0.602135
4.957,4957,0.602134
4.958,4958,0.602133
4.959,4959,0.602132
4.96,4960,0.602131
4.961,4961,0.60213
4.962,4962,0.602129
4.963,4963,0.602128
4.964,4964,0.602127
4.965,4965,0.602127
4.966,4966,0.602126
4.967,4967,0.602125
4.968,4968,0.602124
4.969,4969,0.602123
4.97,4970,0.602122
4.971,4971,0.602121
4.972,4972,0.60212
4.973,4973,0.602119
4.974,4974,0.602118
4.975,4975,0.602117
4.976,4976,0.602116
4.977,4977,0.602115
4.978,4978,0.602115
4.979,4979,0.602114
4.98,4980,0.602113
4.981,4981,0.602112
4.982,4982,0.602111
4.983,4983,0.60211
4.984,4984,0.602109
4.985,4985,0.602108
4.986,4986,0.602107
4.987,4987,0.602106
4.988,4988,0.602105
4.989,4989,0.602104
4.99,4990,0.602104
4.991,4991,0.602103
4.992,4992,0.602102
4.993,4993,0.602101
4.994,4994,0.6021
4.995,4995,0.602099
4.996,4996,0.602098
4.997,4997,0.602097
4.998,4998,0.602096
4.999,4999,0.602096
5,5000,0.602095
